KEY,FREQ,REF_AREA,ADJUSTMENT,RT_ECON_CONCEPT,RT_DENOM,TIME_PERIOD,OBS_VALUE,OBS_STATUS,OBS_CONF,OBS_PRE_BREAK,OBS_COM,TIME_FORMAT,COLLECTION,COMPILING_ORG,DISS_ORG,DOM_SER_IDS,PUBL_MU,PUBL_PUBLIC,UNIT_INDEX_BASE,UNIT_PRICE_BASE,AGG_EQUN,COMPILATION,COVERAGE,DECIMALS,SOURCE_AGENCY,SOURCE_DETAIL,TITLE,TITLE_COMPL,UNIT,UNIT_MULT
RTD.M.JP.N.I_MANUF.X,M,JP,N,I_MANUF,X,2025-04,101.2,A,F,,,P1M,S,,,BISM.M.SBNA.JP.01,,,,,,"See <a class=""external"" href=""http://sdw.ecb.europa.eu/web/generator/docu/rtdb_docu.pdf""> notes</a>; block Monthly; series: EJ",,1,,,"INDUST.PROD., MANUFACTURING NSA","Japan - Industrial Production Index, Manufacturing - Index",IX,0
RTD.M.JP.N.P_C_OV.X,M,JP,N,P_C_OV,X,2025-04,111.5,A,F,,,P1M,M,,,BISM.M.VEBA.JP.01,,,,,,"See <a class=""external"" href=""http://sdw.ecb.europa.eu/web/generator/docu/rtdb_docu.pdf""> notes</a>; block Monthly; series: EH",,1,,,"CONSUMER PRICES, ALL ITEMS (WHOLE COUNTRY), NSA","Japan - HICP - Overall index - IndexJapan - CONSUMER PRICES, ALL ITEMS (WHOLE COUNTRY), NSA",IX,0
RTD.M.JP.Y.L_UNETO.F,M,JP,Y,L_UNETO,F,2023-12,2.4,A,F,,,P1M,A,,,STS.M.JP.S.UNEH.RTT000.4.000,,,,,,"See <a class=""external"" href=""http://sdw.ecb.europa.eu/web/generator/docu/rtdb_docu.pdf""> notes</a>; block Monthly; series: EK",,6,,,Unemployment rate,"Japan - Standardised unemployment, Total (all ages), Total (male and female) - Percentage",PT,0
RTD.M.JP.Y.M_M2.J,M,JP,Y,M_M2,J,2025-04,1256302.3,A,F,,,P1M,A,,,BISM.M.ABUB.JP.02,,,,,,"See <a class=""external"" href=""http://sdw.ecb.europa.eu/web/generator/docu/rtdb_docu.pdf""> notes</a>; block Monthly; series: EL",,1,,,"MONEY STOCK M2, M-AV SA",Japan - Money stock M2 - Japanese Yen,JPY,9
RTD.M.S0.N.C_DJE50.X,M,S0,N,C_DJE50,X,2026-08,6483.56,A,F,,,P1M,A,,,FM.M.U2.EUR.DS.EI.DJES50I.HSTA,,,,,,"See <a class=""external"" href=""http://sdw.ecb.europa.eu/web/generator/docu/rtdb_docu.pdf""> notes</a>; block Monthly; series: DQ",,7,,,"EURO STOXX 50 Equity Index - Historical close, average of observations through period",Euro area (moving concept in the Real Time database context) - Equity index - Dow Jones Eurostoxx 50 index - Index,POINTS,0
RTD.M.S0.N.C_DJEBM.X,M,S0,N,C_DJEBM,X,2026-08,1101.9367619,A,F,,,P1M,A,,,FM.M.U2.EUR.DS.EI.S1ESBME.HSTA,,,,,,"See <a class=""external"" href=""http://sdw.ecb.europa.eu/web/generator/docu/rtdb_docu.pdf""> notes</a>; block Monthly; series: DR",,7,,,"EURO STOXX BASIC MATERIALS EURO Equity Index - Historical close, average of observations through period","Euro area (moving concept in the Real Time database context) - Equity index - Dow Jones, Euro Stoxx, Economic sector index basic materials - Index",POINTS,0
RTD.M.S0.N.C_DJECG.X,M,S0,N,C_DJECG,X,2026-08,161.5495714,A,F,,,P1M,A,,,FM.M.U2.EUR.DS.EI.S1ESCGE.HSTA,,,,,,"See <a class=""external"" href=""http://sdw.ecb.europa.eu/web/generator/docu/rtdb_docu.pdf""> notes</a>; block Monthly; series: DS",,7,,,"EURO STOXX Consumer staples - Historical close, average of observations through period","Euro area (moving concept in the Real Time database context) - Equity index - Dow Jones, Euro Stoxx, Economic sector index cyclical goods - Index",POINTS,0
RTD.M.S0.N.C_DJEEN.X,M,S0,N,C_DJEEN,X,2026-08,208.519619,A,F,,,P1M,A,,,FM.M.U2.EUR.DS.EI.S1ESO1E.HSTA,,,,,,"See <a class=""external"" href=""http://sdw.ecb.europa.eu/web/generator/docu/rtdb_docu.pdf""> notes</a>; block Monthly; series: DU",,7,,,"EURO STOXX ENERGY EURO Equity Index - Historical close, average of observations through period","Euro area (moving concept in the Real Time database context) - Equity index - Dow Jones, Euro Stoxx, Economic sector index energy - Index",POINTS,0
RTD.M.S0.N.C_DJEFI.X,M,S0,N,C_DJEFI,X,2026-08,450.0742857,A,F,,,P1M,A,,,FM.M.U2.EUR.DS.EI.S1ESFNE.HSTA,,,,,,"See <a class=""external"" href=""http://sdw.ecb.europa.eu/web/generator/docu/rtdb_docu.pdf""> notes</a>; block Monthly; series: DV",,7,,,"EURO STOXX FINANCIALS EURO Equity Index - Historical close, average of observations through period","Euro area (moving concept in the Real Time database context) - Equity index - Dow Jones, Euro Stoxx, Economic sector index financial - Index",POINTS,0
RTD.M.S0.N.C_DJEHC.X,M,S0,N,C_DJEHC,X,2026-08,844.2500476,A,F,,,P1M,A,,,FM.M.U2.EUR.DS.EI.S1ESH1E.HSTA,,,,,,"See <a class=""external"" href=""http://sdw.ecb.europa.eu/web/generator/docu/rtdb_docu.pdf""> notes</a>; block Monthly; series: EA",,7,,,"EURO STOXX HEALTH CARE E Equity Index - Historical close, average of observations through period","Euro area (moving concept in the Real Time database context) - Equity index - Dow Jones, Euro Stoxx, Economic sector index healthcare - Index",POINTS,0
RTD.M.S0.N.C_DJEIG.X,M,S0,N,C_DJEIG,X,2026-08,1320.7054762,A,F,,,P1M,A,,,FM.M.U2.EUR.DS.EI.S1ESIDE.HSTA,,,,,,"See <a class=""external"" href=""http://sdw.ecb.europa.eu/web/generator/docu/rtdb_docu.pdf""> notes</a>; block Monthly; series: DW",,7,,,"EURO STOXX INDUSTRIALS E Equity Index - Historical close, average of observations through period","Euro area (moving concept in the Real Time database context) - Equity index - Dow Jones, Euro Stoxx, Economic sector index industrial goods - Index",POINTS,0
RTD.M.S0.N.C_DJENG.X,M,S0,N,C_DJENG,X,2026-08,242.3734286,A,F,,,P1M,A,,,FM.M.U2.EUR.DS.EI.S1ESCSE.HSTA,,,,,,"See <a class=""external"" href=""http://sdw.ecb.europa.eu/web/generator/docu/rtdb_docu.pdf""> notes</a>; block Monthly; series: DT",,7,,,"EURO STOXX Consumer discretionary - Historical close, average of observations through period","Euro area (moving concept in the Real Time database context) - Equity index - Dow Jones, Euro Stoxx, Economic sector index non-cyclical goods - Index",POINTS,0
RTD.M.S0.N.C_DJESB.X,M,S0,N,C_DJESB,X,2026-08,682.1315238,A,F,,,P1M,A,,,FM.M.U2.EUR.DS.EI.DJEURST.HSTA,,,,,,"See <a class=""external"" href=""http://sdw.ecb.europa.eu/web/generator/docu/rtdb_docu.pdf""> notes</a>; block Monthly; series: DP",,7,,,"EURO STOXX Equity Index - Historical close, average of observations through period",Euro area (moving concept in the Real Time database context) - Equity index - Dow Jones Euro Stoxx broad stock exchange index - Index,POINTS,0
RTD.M.S0.N.C_DJETC.X,M,S0,N,C_DJETC,X,2026-08,385.1691429,A,F,,,P1M,A,,,FM.M.U2.EUR.DS.EI.S1EST1E.HSTA,,,,,,"See <a class=""external"" href=""http://sdw.ecb.europa.eu/web/generator/docu/rtdb_docu.pdf""> notes</a>; block Monthly; series: DZ",,7,,,"EURO STOXX TELECOM E Equity Index - Historical close, average of observations through period","Euro area (moving concept in the Real Time database context) - Equity index - Dow Jones, Euro Stoxx, Economic sector index telecommunications - Index",POINTS,0
RTD.M.S0.N.C_DJETE.X,M,S0,N,C_DJETE,X,2026-08,1502.2007143,A,F,,,P1M,A,,,FM.M.U2.EUR.DS.EI.S1ESG1E.HSTA,,,,,,"See <a class=""external"" href=""http://sdw.ecb.europa.eu/web/generator/docu/rtdb_docu.pdf""> notes</a>; block Monthly; series: DX",,7,,,"EURO STOXX TECHNOLOGY E Equity Index - Historical close, average of observations through period","Euro area (moving concept in the Real Time database context) - Equity index - Dow Jones, Euro Stoxx, Economic sector index technology - Index",POINTS,0
RTD.M.S0.N.C_DJEUT.X,M,S0,N,C_DJEUT,X,2026-08,570.6097143,A,F,,,P1M,A,,,FM.M.U2.EUR.DS.EI.S1ESU1E.HSTA,,,,,,"See <a class=""external"" href=""http://sdw.ecb.europa.eu/web/generator/docu/rtdb_docu.pdf""> notes</a>; block Monthly; series: DY",,7,,,"EURO STOXX UTILITIES EURO Equity Index - Historical close, average of observations through period","Euro area (moving concept in the Real Time database context) - Equity index - Dow Jones, Euro Stoxx, Economic sector index utilities - Index",POINTS,0
RTD.M.S0.N.C_EONIA.E,M,S0,N,C_EONIA,E,2021-12,-0.492217391304348,A,F,,,P1M,A,,,FM.M.U2.EUR.4F.MM.EONIA.HSTA,,,,,,"See <a class=""external"" href=""http://sdw.ecb.europa.eu/web/generator/docu/rtdb_docu.pdf""> notes</a>; block Monthly; series: DB",,4,,,"Eonia rate - Historical close, average of observations through period",Euro area (moving concept in the Real Time database context) - Rate - Eonia rate - Euro,PCPA,0
RTD.M.S0.N.C_EUR1M.E,M,S0,N,C_EUR1M,E,2026-08,2.2209524,A,F,,,P1M,A,,,FM.M.U2.EUR.RT.MM.EURIBOR1MD_.HSTA,,,,,,"See <a class=""external"" href=""http://sdw.ecb.europa.eu/web/generator/docu/rtdb_docu.pdf""> notes</a>; block Monthly; series: DC",,7,,,"Euribor 1-month - Historical close, average of observations through period",Euro area (moving concept in the Real Time database context) - Rate - 1-month Euribor (Euro interbank offered rate) - Euro,PCPA,0
RTD.M.S0.N.C_EUR1Y.E,M,S0,N,C_EUR1Y,E,2026-08,2.9536667,A,F,,,P1M,A,,,FM.M.U2.EUR.RT.MM.EURIBOR1YD_.HSTA,,,,,,"See <a class=""external"" href=""http://sdw.ecb.europa.eu/web/generator/docu/rtdb_docu.pdf""> notes</a>; block Monthly; series: DF",,7,,,"Euribor 1-year - Historical close, average of observations through period",Euro area (moving concept in the Real Time database context) - Rate - 1-year Euribor (Euro interbank offered rate) - Euro,PCPA,0
RTD.M.S0.N.C_EUR3M.E,M,S0,N,C_EUR3M,E,2026-08,2.5131429,A,F,,,P1M,A,,,FM.M.U2.EUR.RT.MM.EURIBOR3MD_.HSTA,,,,,,"See <a class=""external"" href=""http://sdw.ecb.europa.eu/web/generator/docu/rtdb_docu.pdf""> notes</a>; block Monthly; series: DD",,7,,,"Euribor 3-month - Historical close, average of observations through period",Euro area (moving concept in the Real Time database context) - Rate - 3-month Euribor (Euro interbank offered rate) - Euro,PCPA,0
RTD.M.S0.N.C_EUR6M.E,M,S0,N,C_EUR6M,E,2026-08,2.7133333,A,F,,,P1M,A,,,FM.M.U2.EUR.RT.MM.EURIBOR6MD_.HSTA,,,,,,"See <a class=""external"" href=""http://sdw.ecb.europa.eu/web/generator/docu/rtdb_docu.pdf""> notes</a>; block Monthly; series: DE",,7,,,"Euribor 6-month - Historical close, average of observations through period",Euro area (moving concept in the Real Time database context) - Rate - 6-month Euribor (Euro interbank offered rate) - Euro,PCPA,0
RTD.M.S0.N.C_JPL3M.J,M,S0,N,C_JPL3M,J,2023-01,-0.02617,A,F,,,P1M,A,,,FM.M.GB.JPY.RT.MM.JPY3MFSR_.HSTA,,,,,,"See <a class=""external"" href=""http://sdw.ecb.europa.eu/web/generator/docu/rtdb_docu.pdf""> notes</a>; block Monthly; series: DH",,4,,,"Japanese Yen 3-month British Bankers` Association (BBA) Libor - Historical close, average of observations through period",Euro area (moving concept in the Real Time database context) - Rate - 3-month Libor interbank Japanese yen deposit rate - Japanese Yen,PCPA,0
RTD.M.S0.N.C_NIKKE.X,M,S0,N,C_NIKKE,X,2026-08,66377.8105,A,F,,,P1M,A,,,FM.M.JP.JPY.DS.EI.JAPDOWA.HSTA,,,,,,"See <a class=""external"" href=""http://sdw.ecb.europa.eu/web/generator/docu/rtdb_docu.pdf""> notes</a>; block Monthly; series: EC",,4,,,"NIKKEI 225 STOCK AVERAGE Equity Index - Historical close, average of observations through period",Euro area (moving concept in the Real Time database context) - Equity index - Nikkei 225 - Index,POINTS,0
RTD.M.S0.N.C_SP500.X,M,S0,N,C_SP500,X,2026-08,7711.3233333,A,F,,,P1M,A,,,FM.M.US.USD.DS.EI.S_PCOMP.HSTA,,,,,,"See <a class=""external"" href=""http://sdw.ecb.europa.eu/web/generator/docu/rtdb_docu.pdf""> notes</a>; block Monthly; series: EB",,4,,,"S&P 500 COMPOSITE Equity Index - Historical close, average of observations through period",Euro area (moving concept in the Real Time database context) - Equity index - Standard and Poor 500 - Index,POINTS,0
RTD.M.S0.N.C_U202Y.E,M,S0,N,C_U202Y,E,2024-11,2.347307708205952,A,F,,,P1M,E,,,FM.M.U2.EUR.4F.BB.U2_2Y.YLD,,,,,,,,4,,,Euro Area 2 Years Government Benchmark Bond - Yield,Euro area (moving concept in the Real Time database context) - Rate - 2-year Euro area government benchmark bond yield - Euro,PCPA,0
RTD.M.S0.N.C_U203Y.E,M,S0,N,C_U203Y,E,2024-11,2.340141665153964,A,F,,,P1M,E,,,FM.M.U2.EUR.4F.BB.U2_3Y.YLD,,,,,,,,4,,,Euro Area 3 Years Government Benchmark Bond - Yield,Euro area (moving concept in the Real Time database context) - Rate - 3-year Euro area government benchmark bond yield - Euro,PCPA,0
RTD.M.S0.N.C_U205Y.E,M,S0,N,C_U205Y,E,2024-11,2.588889894093898,A,F,,,P1M,E,,,FM.M.U2.EUR.4F.BB.U2_5Y.YLD,,,,,,,,4,,,Euro Area 5 Years Government Benchmark Bond - Yield,Euro area (moving concept in the Real Time database context) - Rate - 5-year Euro area government benchmark bond yield - Euro,PCPA,0
RTD.M.S0.N.C_U207Y.E,M,S0,N,C_U207Y,E,2024-11,2.654019275315112,A,F,,,P1M,E,,,FM.M.U2.EUR.4F.BB.U2_7Y.YLD,,,,,,,,4,,,Euro Area 7 Years Government Benchmark Bond - Yield,Euro area (moving concept in the Real Time database context) - Rate - 7-year Euro area government benchmark bond yield - Euro,PCPA,0
RTD.M.S0.N.C_U210Y.E,M,S0,N,C_U210Y,E,2024-11,2.929131522678499,A,F,,,P1M,E,,,FM.M.U2.EUR.4F.BB.U2_10Y.YLD,,,,,,,,4,,,Euro Area 10 Years Government Benchmark Bond - Yield,Euro area (moving concept in the Real Time database context) - Rate - 10-year Euro area government benchmark bond yield - Euro,PCPA,0
RTD.M.S0.N.C_USL3M.U,M,S0,N,C_USL3M,U,2024-09,5.097049500000001,A,F,,,P1M,A,,,FM.M.GB.USD.RT.MM.USD3MFSR_.HSTA,,,,,,"See <a class=""external"" href=""http://sdw.ecb.europa.eu/web/generator/docu/rtdb_docu.pdf""> notes</a>; block Monthly; series: DG",,4,,,"US Dollar 3-month British Bankers` Association (BBA) Libor - Historical close, average of observations through period",Euro area (moving concept in the Real Time database context) - Rate - 3-month Libor interbank US dolar deposit rate - US dollar,PCPA,0
RTD.M.S0.N.E_EN00_BGR.X,M,S0,N,E_EN00_BGR,X,2026-08,129.6132,A,F,,,P1M,A,,,EXR.M.E03.EUR.EN00.A,,,99Q1=100,,,"See <a class=""external"" href=""http://sdw.ecb.europa.eu/web/generator/docu/rtdb_docu.pdf""> notes</a>; block Monthly; series: BM",,4,DE2,,"Euro nominal effective exchange rate against broad group of trading partners (EER-40), nominal","Euro area (moving concept in the Real Time database context) - Exchange rate, ECB nominal effective exchange rate, broad group of currencies against euro - Index",POINTS,0
RTD.M.S0.N.E_EN00_NGR.X,M,S0,N,E_EN00_NGR,X,2026-08,100.3741,A,F,,,P1M,A,,,EXR.M.E02.EUR.EN00.A,,,99Q1=100,,,"See <a class=""external"" href=""http://sdw.ecb.europa.eu/web/generator/docu/rtdb_docu.pdf""> notes</a>; block Monthly; series: BJ",,4,DE2,,"Euro nominal effective exchange rate against extended group of trading partners (EER-17), nominal","Euro area (moving concept in the Real Time database context) - Exchange rate, ECB nominal effective exchange rate, narrow group of currencies against euro - Index",POINTS,0
RTD.M.S0.N.E_ERC0_BGR.X,M,S0,N,E_ERC0_BGR,X,2026-08,96.8739,P,F,,,P1M,A,,,EXR.M.E03.EUR.ERC0.A,,,99Q1=100,,,"See <a class=""external"" href=""http://sdw.ecb.europa.eu/web/generator/docu/rtdb_docu.pdf""> notes</a>; block Monthly; series: BN",,4,DE2,,"Euro real effective exchange rate against broad group of trading partners (EER-40), consumer prices indices deflated","Euro area (moving concept in the Real Time database context) - Exchange rate, ECB real effective exchange rate CPI deflated, broad group of currencies against euro - Index",POINTS,0
RTD.M.S0.N.E_ERC0_NGR.X,M,S0,N,E_ERC0_NGR,X,2026-08,96.9532,P,F,,,P1M,A,,,EXR.M.E02.EUR.ERC0.A,,,99Q1=100,,,"See <a class=""external"" href=""http://sdw.ecb.europa.eu/web/generator/docu/rtdb_docu.pdf""> notes</a>; block Monthly; series: BK",,4,DE2,,"Euro real effective exchange rate against extended group of trading partners (EER-17), consumer prices indices deflated","Euro area (moving concept in the Real Time database context) - Exchange rate, ECB real effective exchange rate CPI deflated, narrow group of currencies against euro - Index",POINTS,0
RTD.M.S0.N.E_ERP0_NGR.X,M,S0,N,E_ERP0_NGR,X,2026-08,99.3815,P,F,,,P1M,A,,,EXR.M.E02.EUR.ERP0.A,,,99Q1=100,,,"See <a class=""external"" href=""http://sdw.ecb.europa.eu/web/generator/docu/rtdb_docu.pdf""> notes</a>; block Monthly; series: BL",,4,DE2,,"Euro real effective exchange rate against extended group of trading partners (EER-17), producer prices indices deflated","Euro area (moving concept in the Real Time database context) - Exchange rate, ECB real effective exchange rate producer prices deflated, narrow group of currencies against euro - Index",POINTS,0
RTD.M.S0.N.M_LOANSEC_U_NG.E,M,S0,N,M_LOANSEC_U_NG,E,2026-07,16609271,P,F,,,P1M,E,,,BSI.M.U2.Y.U.AT2.A.1.U2.2200.Z01.E,,,,,,"See <a class=""external"" href=""http://sdw.ecb.europa.eu/web/generator/docu/rtdb_docu.pdf""> notes</a>; block Monthly; series: FF",,2,,,"Claims on euro area non-MFIs excluding general government reported by MFIs, Stocks","Euro area (moving concept in the Real Time database context) - Loans and securities (credit), total maturity, all currencies combined - Monetary and Financial Institutions (MFIs) reporting sector - Euro area counterpart, Non-MFIs excluding general government sector - outstanding amounts at the end of the period (stoc - Euro",EUR,6
RTD.M.S0.N.M_LOAN_U_NG.E,M,S0,N,M_LOAN_U_NG,E,2026-07,13996084,P,F,,,P1M,E,,,BSI.M.U2.Y.U.A20A.A.1.U2.2200.Z01.E,,,,,,"See <a class=""external"" href=""http://sdw.ecb.europa.eu/web/generator/docu/rtdb_docu.pdf""> notes</a>; block Monthly; series: FE",,2,,,"Loans (excluding reverse repos with CCPs) to euro area non-MFIs excluding general government granted by MFIs, Stocks","Euro area (moving concept in the Real Time database context) - Loans, total maturity, all currencies combined - Monetary and Financial Institutions (MFIs) reporting sector - Euro area counterpart, Non-MFIs excluding general government sector - outstanding amounts at the end of the period (stocks) - Euro",EUR,6
RTD.M.S0.N.M_M1_V_NC.E,M,S0,N,M_M1_V_NC,E,2026-07,11292842,P,F,,,P1M,E,,,BSI.M.U2.Y.V.M10.X.1.U2.2300.Z01.E,,,,,,"See <a class=""external"" href=""http://sdw.ecb.europa.eu/web/generator/docu/rtdb_docu.pdf""> notes</a>; block Monthly; series: FA",,2,,,"Monetary aggregate M1, Stocks","Euro area (moving concept in the Real Time database context) - Monetary aggregate M1, all currencies combined - MFIs, central government and post office giro institutions reporting sector - Euro area counterpart, Non-MFIs excluding central government sector - outstanding amounts at the end of the period (stocks) - Euro",EUR,6
RTD.M.S0.N.M_M2_V_NC.E,M,S0,N,M_M2_V_NC,E,2026-07,16436438,P,F,,,P1M,E,,,BSI.M.U2.Y.V.M20.X.1.U2.2300.Z01.E,,,,,,"See <a class=""external"" href=""http://sdw.ecb.europa.eu/web/generator/docu/rtdb_docu.pdf""> notes</a>; block Monthly; series: FB",,2,,,"Monetary aggregate M2, Stocks","Euro area (moving concept in the Real Time database context) - Monetary aggregate M2, all currencies combined - MFIs, central government and post office giro institutions reporting sector - Euro area counterpart, Non-MFIs excluding central government sector - outstanding amounts at the end of the period (stocks) - Euro",EUR,6
RTD.M.S0.N.M_M3BM_C_WN.E,M,S0,N,M_M3BM_C_WN,E,2025-04,4549941.546666587,E,F,,,P1M,E,,,ILM.M.U2.C.LT00001.Z5.EUR,,,,,,"See <a class=""external"" href=""http://sdw.ecb.europa.eu/web/generator/docu/rtdb_docu.pdf""> notes</a>; block Monthly; series: FK",,0,,,Base money,Euro area (moving concept in the Real Time database context) - Eurosystem reporting sector - Base money - World not allocated (geographically) counterpart - Euro,EUR,6
RTD.M.S0.N.M_M3BM_V_NC.A,M,S0,N,M_M3BM_V_NC,A,2025-04,3.8154556630358494,P,F,,,P1M,E,,,BSI.M.U2.N.V.M30.X.I.U2.2300.Z01.A,,,,,,"See <a class=""external"" href=""http://sdw.ecb.europa.eu/web/generator/docu/rtdb_docu.pdf""> notes</a>; block Monthly; series: EZ",,1,,,"Monetary aggregate M3 reported by MFIs, central gov. and post office giro institutions in the euro area (annual growth rate)","Euro area (moving concept in the Real Time database context) - Monetary aggregate M3 - Base Money (index of notional stock), all currencies combined - MFIs, central government and post office giro institutions reporting sector - Euro area counterpart, Non-MFIs excluding central government sector - outstanding amounts - Annual growth rate",PCCH,0
RTD.M.S0.N.M_M3_V_NC.E,M,S0,N,M_M3_V_NC,E,2026-07,17613983,P,F,,,P1M,E,,,BSI.M.U2.Y.V.M30.X.1.U2.2300.Z01.E,,,,,,"See <a class=""external"" href=""http://sdw.ecb.europa.eu/web/generator/docu/rtdb_docu.pdf""> notes</a>; block Monthly; series: FC",,2,,,"Monetary aggregate M3, Stocks","Euro area (moving concept in the Real Time database context) - Monetary aggregate M3, all currencies combined - MFIs, central government and post office giro institutions reporting sector - Euro area counterpart, Non-MFIs excluding central government sector - outstanding amounts at the end of the period (stocks) - Euro",EUR,6
RTD.M.S0.N.P_C_COMM.X,M,S0,N,P_C_COMM,X,2026-07,101.72,A,F,,,P1M,A,,,HICP.M.U2.N.COMM00.4D0.INX,,,2025 = 100,,,"See <a class=""external"" href=""http://sdw.ecb.europa.eu/web/generator/docu/rtdb_docu.pdf""> notes</a>; block Monthly; series: AT",,2,,,HICP Inflation rate - Services related to communication - Index,Euro area (moving concept in the Real Time database context) - HICP - Communication services - Index,IX,0
RTD.M.S0.N.P_C_FOOD.X,M,S0,N,P_C_FOOD,X,2026-08,101.57,E,F,,,P1M,A,,,HICP.M.U2.N.FOOD00.4D0.INX,,,2025 = 100,,,"See <a class=""external"" href=""http://sdw.ecb.europa.eu/web/generator/docu/rtdb_docu.pdf""> notes</a>; block Monthly; series: AM",,2,,,HICP Inflation rate - Food including alcohol and tobacco - Index,Euro area (moving concept in the Real Time database context) - HICP - Food including alcohol and tobacco - Index,IX,0
RTD.M.S0.N.P_C_FOODPR.X,M,S0,N,P_C_FOODPR,X,2026-08,101.21,E,F,,,P1M,A,,,HICP.M.U2.N.FOODPR.4D0.INX,,,2025 = 100,,,"See <a class=""external"" href=""http://sdw.ecb.europa.eu/web/generator/docu/rtdb_docu.pdf""> notes</a>; block Monthly; series: AN",,2,,,HICP Inflation rate - Processed food including alcohol and tobacco - Index,Euro area (moving concept in the Real Time database context) - HICP - Processed food including alcohol and tobacco - Index,IX,0
RTD.M.S0.N.P_C_FOODUN.X,M,S0,N,P_C_FOODUN,X,2026-08,102.54,E,F,,,P1M,A,,,HICP.M.U2.N.FOODUN.4D0.INX,,,2025 = 100,,,"See <a class=""external"" href=""http://sdw.ecb.europa.eu/web/generator/docu/rtdb_docu.pdf""> notes</a>; block Monthly; series: AO",,2,,,HICP Inflation rate - Unprocessed food - Index,Euro area (moving concept in the Real Time database context) - HICP - Unprocessed food - Index,IX,0
RTD.M.S0.N.P_C_GOOD.X,M,S0,N,P_C_GOOD,X,2026-07,101.87,A,F,,,P1M,A,,,HICP.M.U2.N.GOODS0.4D0.INX,,,2025 = 100,,,"See <a class=""external"" href=""http://sdw.ecb.europa.eu/web/generator/docu/rtdb_docu.pdf""> notes</a>; block Monthly; series: AK",,2,,,HICP Inflation rate - Goods (overall index excluding services) - Index,Euro area (moving concept in the Real Time database context) - HICP - Goods - Index,IX,0
RTD.M.S0.N.P_C_HOUS.X,M,S0,N,P_C_HOUS,X,2026-07,103.34,A,F,,,P1M,A,,,HICP.M.U2.N.HOUSE0.4D0.INX,,,2025 = 100,,,"See <a class=""external"" href=""http://sdw.ecb.europa.eu/web/generator/docu/rtdb_docu.pdf""> notes</a>; block Monthly; series: AR",,2,,,HICP Inflation rate - Services related to housing - Index,Euro area (moving concept in the Real Time database context) - HICP - Housing services - Index,IX,0
RTD.M.S0.N.P_C_IGXE.X,M,S0,N,P_C_IGXE,X,2026-08,99.74,E,F,,,P1M,A,,,HICP.M.U2.N.IGXE00.4D0.INX,,,2025 = 100,,,"See <a class=""external"" href=""http://sdw.ecb.europa.eu/web/generator/docu/rtdb_docu.pdf""> notes</a>; block Monthly; series: AP",,2,,,HICP Inflation rate - Non-energy industrial goods - Index,Euro area (moving concept in the Real Time database context) - HICP - Industrial goods excluding energy - Index,IX,0
RTD.M.S0.N.P_C_MISC.X,M,S0,N,P_C_MISC,X,2026-07,103.15,A,F,,,P1M,A,,,HICP.M.U2.N.MISC00.4D0.INX,,,2025 = 100,,,"See <a class=""external"" href=""http://sdw.ecb.europa.eu/web/generator/docu/rtdb_docu.pdf""> notes</a>; block Monthly; series: AV",,2,,,HICP Inflation rate - Services - miscellaneous - Index,Euro area (moving concept in the Real Time database context) - HICP - Miscellaneous services - Index,IX,0
RTD.M.S0.N.P_C_NRGY.X,M,S0,N,P_C_NRGY,X,2026-08,113.03,E,F,,,P1M,A,,,HICP.M.U2.N.NRGY00.4D0.INX,,,2025 = 100,,,"See <a class=""external"" href=""http://sdw.ecb.europa.eu/web/generator/docu/rtdb_docu.pdf""> notes</a>; block Monthly; series: AQ",,2,,,HICP Inflation rate - Energy - Index,Euro area (moving concept in the Real Time database context) - HICP - Energy - Index,IX,0
RTD.M.S0.N.P_C_OV.A,M,S0,N,P_C_OV,A,2026-08,3.3,E,F,,,P1M,A,,,HICP.M.U2.N.000000.4D0.ANR,,,,,,"See <a class=""external"" href=""http://sdw.ecb.europa.eu/web/generator/docu/rtdb_docu.pdf""> notes</a>; block Monthly; series: AI",,1,,,HICP Inflation rate - Total - Annual rate of change,Euro area (moving concept in the Real Time database context) - HICP - Overall index - Annual growth rate,PCCH,0
RTD.M.S0.N.P_C_OV.X,M,S0,N,P_C_OV,X,2026-08,103.7,E,F,,,P1M,A,,,HICP.M.U2.N.000000.4D0.INX,,,2025 = 100,,,"See <a class=""external"" href=""http://sdw.ecb.europa.eu/web/generator/docu/rtdb_docu.pdf""> notes</a>; block Monthly; series: AH",,2,,,HICP Inflation rate - Total - Index,Euro area (moving concept in the Real Time database context) - HICP - Overall index - Index,IX,0
RTD.M.S0.N.P_C_RECR.X,M,S0,N,P_C_RECR,X,2026-07,106.13,A,F,,,P1M,A,,,HICP.M.U2.N.RECR00.4D0.INX,,,2025 = 100,,,"See <a class=""external"" href=""http://sdw.ecb.europa.eu/web/generator/docu/rtdb_docu.pdf""> notes</a>; block Monthly; series: AU",,2,,,"HICP Inflation rate - Services related to recreation, including repairs and personal care - Index",Euro area (moving concept in the Real Time database context) - HICP - Recreation and personal services - Index,IX,0
RTD.M.S0.N.P_C_SERV.X,M,S0,N,P_C_SERV,X,2026-08,104.87,E,F,,,P1M,A,,,HICP.M.U2.N.SERV00.4D0.INX,,,2025 = 100,,,"See <a class=""external"" href=""http://sdw.ecb.europa.eu/web/generator/docu/rtdb_docu.pdf""> notes</a>; block Monthly; series: AL",,2,,,HICP Inflation rate - Services (overall index excluding goods) - Index,Euro area (moving concept in the Real Time database context) - HICP - Services - Index,IX,0
RTD.M.S0.N.P_C_TRAN.X,M,S0,N,P_C_TRAN,X,2026-07,106.62,A,F,,,P1M,A,,,HICP.M.U2.N.TRANSP.4D0.INX,,,2025 = 100,,,"See <a class=""external"" href=""http://sdw.ecb.europa.eu/web/generator/docu/rtdb_docu.pdf""> notes</a>; block Monthly; series: AS",,2,,,HICP Inflation rate - Services related to transport - Index,Euro area (moving concept in the Real Time database context) - HICP - Transport services - Index,IX,0
RTD.M.S0.N.P_C_XEFUN.X,M,S0,N,P_C_XEFUN,X,2025-05,125.52,E,F,,,P1M,A,,,HICP.M.U2.N.XEFUN0.4D0.INX,,,2015 = 100,,,"See <a class=""external"" href=""http://sdw.ecb.europa.eu/web/generator/docu/rtdb_docu.pdf""> notes</a>; block Monthly; series: AJ",,2,,,HICP - All-items excluding energy and unprocessed food,Euro area (moving concept in the Real Time database context) - HICP - All-items excluding energy and unprocessed food - Index,PURE_NUMB,0
RTD.M.S0.N.P_OILBR.E,M,S0,N,P_OILBR,E,2024-11,69.51169348414571,A,F,,,P1M,A,,,FM.M.U2.EUR.4F.CY.OILBRNI.HSTA,,,,,,"See <a class=""external"" href=""http://sdw.ecb.europa.eu/web/generator/docu/rtdb_docu.pdf""> notes</a>; block Monthly; series: EY",,4,,,"Crude Oil BFO M2 Europe FOB $/BBl Commodity - Historical close, average of observations through period","Euro area (moving concept in the Real Time database context) - Oil price, brent crude -1 month forward - Euro",EUR,0
RTD.M.S0.N.P_P_CAPGO_DS.X,M,S0,N,P_P_CAPGO_DS,X,2025-08,116.2,A,F,,,P1M,A,,,STBS.M.I10.N.PRIN.NS0050.4D0.N.IX,,,2021=100,,,"See <a class=""external"" href=""http://sdw.ecb.europa.eu/web/generator/docu/rtdb_docu.pdf""> notes</a>; block Monthly; series: EQ",,2,4D0,,"Producer Price Index, domestic sales - Neither seasonally nor working day adjusted","Euro area (moving concept in the Real Time database context) - Producer Price Index, domestic sales, MIG Capital Goods Industry - Index",IX,0
RTD.M.S0.N.P_P_CONGO_DS.X,M,S0,N,P_P_CONGO_DS,X,2025-08,126.5,A,F,,,P1M,A,,,STBS.M.I10.N.PRIN.NS0080.4D0.N.IX,,,2021=100,,,"See <a class=""external"" href=""http://sdw.ecb.europa.eu/web/generator/docu/rtdb_docu.pdf""> notes</a>; block Monthly; series: ER",,2,4D0,,"Producer Price Index, domestic sales - Neither seasonally nor working day adjusted","Euro area (moving concept in the Real Time database context) - Producer Price Index, domestic sales, Consumer goods industry - Index",IX,0
RTD.M.S0.N.P_P_DCOGO_DS.X,M,S0,N,P_P_DCOGO_DS,X,2025-03,117.4,A,F,,,P1M,A,,,STS.M.I9.N.PRIN.NS0060.4.000,,,2021=100,,,,,2,4D0,,"Producer price index, domestic sales","Euro area (moving concept in the Real Time database context) - Producer Price Index, domestic sales, MIG Durable Consumer Goods Industry - Index",PURE_NUMB,0
RTD.M.S0.N.P_P_ENERG_DS.X,M,S0,N,P_P_ENERG_DS,X,2025-08,132.5,A,F,,,P1M,A,,,STBS.M.I10.N.PRIN.NS0090.4D0.N.IX,,,2021=100,,,"See <a class=""external"" href=""http://sdw.ecb.europa.eu/web/generator/docu/rtdb_docu.pdf""> notes</a>; block Monthly; series: EU",,2,4D0,,"Producer Price Index, domestic sales - Neither seasonally nor working day adjusted","Euro area (moving concept in the Real Time database context) - Producer Price Index, domestic sales, MIG Energy - Index",IX,0
RTD.M.S0.N.P_P_INTGO_DS.X,M,S0,N,P_P_INTGO_DS,X,2025-08,116.6,A,F,,,P1M,A,,,STBS.M.I10.N.PRIN.NS0040.4D0.N.IX,,,2021=100,,,"See <a class=""external"" href=""http://sdw.ecb.europa.eu/web/generator/docu/rtdb_docu.pdf""> notes</a>; block Monthly; series: EP",,2,4D0,,"Producer Price Index, domestic sales - Neither seasonally nor working day adjusted","Euro area (moving concept in the Real Time database context) - Producer Price Index, domestic sales, MIG Intermediate Goods Industry - Index",IX,0
RTD.M.S0.N.P_P_MANUF_DS.X,M,S0,N,P_P_MANUF_DS,X,2025-08,118.7,A,F,,,P1M,A,,,STBS.M.I10.N.PRIN.2C0000.4D0.N.IX,,,2021=100,,,"See <a class=""external"" href=""http://sdw.ecb.europa.eu/web/generator/docu/rtdb_docu.pdf""> notes</a>; block Monthly; series: EV",,2,4D0,,"Producer Price Index, domestic sales - Neither seasonally nor working day adjusted","Euro area (moving concept in the Real Time database context) - Producer Price Index, domestic sales, Manufacturing - Index",IX,0
RTD.M.S0.N.P_P_NCOGO_DS.X,M,S0,N,P_P_NCOGO_DS,X,2024-10,124.2,A,F,,,P1M,A,,,STS.M.I9.N.PRIN.NS0070.4.000,,,2021=100,,,,,2,4D0,,"Producer price index, domestic sales","Euro area (moving concept in the Real Time database context) - Producer Price Index, domestic sales, MIG Non-durable Consumer Goods Industry - Index",PURE_NUMB,0
RTD.M.S0.N.P_P_XCOEN_DS.X,M,S0,N,P_P_XCOEN_DS,X,2025-08,119.2,A,F,,,P1M,A,,,STBS.M.I10.N.PRIN.NS0021.4D0.N.IX,,,2021=100,,,"See <a class=""external"" href=""http://sdw.ecb.europa.eu/web/generator/docu/rtdb_docu.pdf""> notes</a>; block Monthly; series: EO",,2,4D0,,"Producer Price Index, domestic sales - Neither seasonally nor working day adjusted","Euro area (moving concept in the Real Time database context) - Producer Price Index, domestic sales, Total Industry excluding construction and MIG Energy - Index",IX,0
RTD.M.S0.N.P_P_XCONS_DS.X,M,S0,N,P_P_XCONS_DS,X,2025-08,124,A,F,,,P1M,A,,,STBS.M.I10.N.PRIN.NS0020.4D0.N.IX,,,2021=100,,,"See <a class=""external"" href=""http://sdw.ecb.europa.eu/web/generator/docu/rtdb_docu.pdf""> notes</a>; block Monthly; series: EM",,2,4D0,,"Industrial Producer Price Index, total, domestic sales","Euro area (moving concept in the Real Time database context) - Producer Price Index, domestic sales, Total Industry (excluding construction) - Index",IX,0
RTD.M.S0.N.P_R_TO.E,M,S0,N,P_R_TO,E,2024-11,220.69,A,F,,,P1M,A,,,RMP.M.I9.0100.E,,,2020 = 100,,,,,2,,,,"Euro area (moving concept in the Real Time database context) - World market prices of raw materials, Index Total - Euro",PURE_NUMB,0
RTD.M.S0.N.P_R_XNRGY.E,M,S0,N,P_R_XNRGY,E,2024-11,160.44,A,F,,,P1M,A,,,RMP.M.I9.0200.E,,,2020 = 100,,,,,2,,,,"Euro area (moving concept in the Real Time database context) - World market prices of raw materials, Index Total excluding energy - Euro",PURE_NUMB,0
RTD.M.S0.N.T_MTTT.X,M,S0,N,T_MTTT,X,2026-06,263957824.006,P,F,,,P1M,S,,,TRD.M.I10.N.M.TTT.J10.4.VAL,,,,,,"See <a class=""external"" href=""http://sdw.ecb.europa.eu/web/generator/docu/rtdb_docu.pdf""> notes</a>; block Monthly; series: BP",,2,,,"Total trade - Extra EA trade, Value, Import","Euro area (moving concept in the Real Time database context) - Trade - Import, Total - Value - Index",EUR,3
RTD.M.S0.N.T_MTTT_U.X,M,S0,N,T_MTTT_U,X,2025-02,123.9,A,F,,,P1M,A,,,TRD.M.I9.N.M.TTT.J9.4.UVX,,,2021 = 100,,,"See <a class=""external"" href=""http://sdw.ecb.europa.eu/web/generator/docu/rtdb_docu.pdf""> notes</a>; block Monthly; series: CP",,2,,,"Total trade,Unit value index (Community concept)","Euro area (moving concept in the Real Time database context) - Trade - Import, Total - Unit value - Index",POINTS,0
RTD.M.S0.N.T_MTTT_V.X,M,S0,N,T_MTTT_V,X,2026-05,100.8,A,F,,,P1M,A,,,TRD.M.I10.N.M.TTT.J10.4.VOX,,,2021 = 100,,,"See <a class=""external"" href=""http://sdw.ecb.europa.eu/web/generator/docu/rtdb_docu.pdf""> notes</a>; block Monthly; series: CC",,2,,,"Total trade - Extra EA trade, Volume index, Import","Euro area (moving concept in the Real Time database context) - Trade - Import, Total - Volume - Index",POINTS,0
RTD.M.S0.N.T_XTTT.X,M,S0,N,T_XTTT,X,2026-06,272531980.011,P,F,,,P1M,S,,,TRD.M.I10.N.X.TTT.J10.4.VAL,,,,,,"See <a class=""external"" href=""http://sdw.ecb.europa.eu/web/generator/docu/rtdb_docu.pdf""> notes</a>; block Monthly; series: BO",,2,,,"Total trade - Extra EA trade, Value, Export","Euro area (moving concept in the Real Time database context) - Trade - Export, Total - Value - Index",EUR,3
RTD.M.S0.N.T_XTTT_U.X,M,S0,N,T_XTTT_U,X,2025-02,131.9,A,F,,,P1M,A,,,TRD.M.I9.N.X.TTT.J9.4.UVX,,,2021 = 100,,,"See <a class=""external"" href=""http://sdw.ecb.europa.eu/web/generator/docu/rtdb_docu.pdf""> notes</a>; block Monthly; series: CO",,2,,,"Total trade,Unit value index (Community concept)","Euro area (moving concept in the Real Time database context) - Trade - Export, Total - Unit value - Index",POINTS,0
RTD.M.S0.N.T_XTTT_V.X,M,S0,N,T_XTTT_V,X,2026-05,89.6,A,F,,,P1M,A,,,TRD.M.I10.N.X.TTT.J10.4.VOX,,,2021 = 100,,,"See <a class=""external"" href=""http://sdw.ecb.europa.eu/web/generator/docu/rtdb_docu.pdf""> notes</a>; block Monthly; series: CB",,2,,,"Total trade - Extra EA trade, Volume index, Export","Euro area (moving concept in the Real Time database context) - Trade - Export, Total - Volume - Index",POINTS,0
RTD.M.S0.N.X_KA1C_A1.E,M,S0,N,X_KA1C_A1,E,2026-06,7979.9718,A,F,,,P1M,S,,,BPS.M.N.I10.W1.S1.S1.T.C.KA._Z._Z._Z.EUR._T._X.N.ALL,,,,,,"See <a class=""external"" href=""http://sdw.ecb.europa.eu/web/generator/docu/rtdb_docu.pdf""> notes</a>; block Monthly; series: BH",,3,,,Capital account credits,"Euro area (moving concept in the Real Time database context) - Balance of payment, capital account - vis-a-vis World (all entities) - Credit transactions - Euro",EUR,6
RTD.M.S0.N.X_KA1D_A1.E,M,S0,N,X_KA1D_A1,E,2026-06,4146.8303,A,F,,,P1M,S,,,BPS.M.N.I10.W1.S1.S1.T.D.KA._Z._Z._Z.EUR._T._X.N.ALL,,,,,,"See <a class=""external"" href=""http://sdw.ecb.europa.eu/web/generator/docu/rtdb_docu.pdf""> notes</a>; block Monthly; series: BI",,3,,,Capital account debits,"Euro area (moving concept in the Real Time database context) - Balance of payment, capital account - vis-a-vis World (all entities) - Debit transactions - Euro",EUR,6
RTD.M.S0.N.X_XA1C_A1.E,M,S0,N,X_XA1C_A1,E,2025-03,273093.912,A,F,,,P1M,S,,,BPS.M.N.I9.W1.S1.S1.T.C.G._Z._Z._Z.EUR._T._X.N.ALL,,,,,,"See <a class=""external"" href=""http://sdw.ecb.europa.eu/web/generator/docu/rtdb_docu.pdf""> notes</a>; block Monthly; series: AZ",,3,,,"Goods, Credit (Resources)","Euro area (moving concept in the Real Time database context) - Balance of payment, current account, total - vis-a-vis World (all entities) - Credit transactions - Euro",EUR,6
RTD.M.S0.N.X_XA1D_A1.E,M,S0,N,X_XA1D_A1,E,2025-03,221146.9706,A,F,,,P1M,S,,,BPS.M.N.I9.W1.S1.S1.T.D.G._Z._Z._Z.EUR._T._X.N.ALL,,,,,,"See <a class=""external"" href=""http://sdw.ecb.europa.eu/web/generator/docu/rtdb_docu.pdf""> notes</a>; block Monthly; series: BA",,3,,,"Goods, Debit (Uses)","Euro area (moving concept in the Real Time database context) - Balance of payment, current account, total - vis-a-vis World (all entities) - Debit transactions - Euro",EUR,6
RTD.M.S0.N.X_XA1N_A1.E,M,S0,N,X_XA1N_A1,E,2025-03,60053.0584,A,F,,,P1M,S,,,BPS.M.N.I9.W1.S1.S1.T.B.CA._Z._Z._Z.EUR._T._X.N.ALL,,,,,,"See <a class=""external"" href=""http://sdw.ecb.europa.eu/web/generator/docu/rtdb_docu.pdf""> notes</a>; block Monthly; series: AY",,3,,,"Current account, Balance","Euro area (moving concept in the Real Time database context) - Balance of payment, current account, total - vis-a-vis World (all entities) - Net transactions - Euro",EUR,6
RTD.M.S0.N.X_XG1C_A1.E,M,S0,N,X_XG1C_A1,E,2025-03,125645.9571,A,F,,,P1M,S,,,BPS.M.N.I9.W1.S1.S1.T.C.S._Z._Z._Z.EUR._T._X.N.ALL,,,,,,"See <a class=""external"" href=""http://sdw.ecb.europa.eu/web/generator/docu/rtdb_docu.pdf""> notes</a>; block Monthly; series: BB",,3,,,"Services, Credit (Resources)","Euro area (moving concept in the Real Time database context) - Balance of payment, current account, goods - vis-a-vis World (all entities) - Credit transactions - Euro",EUR,6
RTD.M.S0.N.X_XG1D_A1.E,M,S0,N,X_XG1D_A1,E,2025-03,113651.6769,A,F,,,P1M,S,,,BPS.M.N.I9.W1.S1.S1.T.D.S._Z._Z._Z.EUR._T._X.N.ALL,,,,,,"See <a class=""external"" href=""http://sdw.ecb.europa.eu/web/generator/docu/rtdb_docu.pdf""> notes</a>; block Monthly; series: BC",,3,,,"Services, Debit (Uses)","Euro area (moving concept in the Real Time database context) - Balance of payment, current account, goods - vis-a-vis World (all entities) - Debit transactions - Euro",EUR,6
RTD.M.S0.N.X_XI1C_A1.E,M,S0,N,X_XI1C_A1,E,2025-03,521914.2189,A,F,,,P1M,S,,,BPS.M.N.I9.W1.S1.S1.T.C.CA._Z._Z._Z.EUR._T._X.N.ALL,,,,,,"See <a class=""external"" href=""http://sdw.ecb.europa.eu/web/generator/docu/rtdb_docu.pdf""> notes</a>; block Monthly; series: AW",,3,,,"Current account, Credit (Resources)","Euro area (moving concept in the Real Time database context) - Balance of payment, current account, income - vis-a-vis World (all entities) - Credit transactions - Euro",EUR,6
RTD.M.S0.N.X_XI1D_A1.E,M,S0,N,X_XI1D_A1,E,2025-03,461861.1605,A,F,,,P1M,S,,,BPS.M.N.I9.W1.S1.S1.T.D.CA._Z._Z._Z.EUR._T._X.N.ALL,,,,,,"See <a class=""external"" href=""http://sdw.ecb.europa.eu/web/generator/docu/rtdb_docu.pdf""> notes</a>; block Monthly; series: AX",,3,,,"Current account, Debit (Uses)","Euro area (moving concept in the Real Time database context) - Balance of payment, current account, income - vis-a-vis World (all entities) - Debit transactions - Euro",EUR,6
RTD.M.S0.N.X_XS1C_A1.E,M,S0,N,X_XS1C_A1,E,2025-03,107625.8009,A,F,,,P1M,S,,,BPS.M.N.I9.W1.S1.S1.T.C.IN1._Z._Z._Z.EUR._T._X.N.ALL,,,,,,"See <a class=""external"" href=""http://sdw.ecb.europa.eu/web/generator/docu/rtdb_docu.pdf""> notes</a>; block Monthly; series: BD",,3,,,"Primary income, Credit (Resources)","Euro area (moving concept in the Real Time database context) - Balance of payment, current account, services - vis-a-vis World (all entities) - Credit transactions - Euro",EUR,6
RTD.M.S0.N.X_XS1D_A1.E,M,S0,N,X_XS1D_A1,E,2025-03,96428.4235,A,F,,,P1M,S,,,BPS.M.N.I9.W1.S1.S1.T.D.IN1._Z._Z._Z.EUR._T._X.N.ALL,,,,,,"See <a class=""external"" href=""http://sdw.ecb.europa.eu/web/generator/docu/rtdb_docu.pdf""> notes</a>; block Monthly; series: BE",,3,,,"Primary income, Debit (Uses)","Euro area (moving concept in the Real Time database context) - Balance of payment, current account, services - vis-a-vis World (all entities) - Debit transactions - Euro",EUR,6
RTD.M.S0.N.X_XT1C_A1.E,M,S0,N,X_XT1C_A1,E,2025-03,15548.5489,A,F,,,P1M,S,,,BPS.M.N.I9.W1.S1.S1.T.C.IN2._Z._Z._Z.EUR._T._X.N.ALL,,,,,,"See <a class=""external"" href=""http://sdw.ecb.europa.eu/web/generator/docu/rtdb_docu.pdf""> notes</a>; block Monthly; series: BF",,3,,,"Secondary income, Credit (Resources)","Euro area (moving concept in the Real Time database context) - Balance of payment, current account, current transfers - vis-a-vis World (all entities) - Credit transactions - Euro",EUR,6
RTD.M.S0.N.X_XT1D_A1.E,M,S0,N,X_XT1D_A1,E,2025-03,30634.0894,A,F,,,P1M,S,,,BPS.M.N.I9.W1.S1.S1.T.D.IN2._Z._Z._Z.EUR._T._X.N.ALL,,,,,,"See <a class=""external"" href=""http://sdw.ecb.europa.eu/web/generator/docu/rtdb_docu.pdf""> notes</a>; block Monthly; series: BG",,3,,,"Secondary income, Debit (Uses)","Euro area (moving concept in the Real Time database context) - Balance of payment, current account, current transfers - vis-a-vis World (all entities) - Debit transactions - Euro",EUR,6
RTD.M.S0.S.L_FETOT.F,M,S0,S,L_FETOT,F,2026-07,6.6,A,F,,,P1M,A,,,LFSI.M.I10.S.UNEHRT.TOTAL0.15_74.F,,,,,,"See <a class=""external"" href=""http://sdw.ecb.europa.eu/web/generator/docu/rtdb_docu.pdf""> notes</a>; block Monthly; series: AG",,1,,,"Unemployment rate, age 15 to 74, female","Euro area (moving concept in the Real Time database context) - Standardised unemployment, Total (all ages), Female - Percentage",PC,0
RTD.M.S0.S.L_FETOT.M,M,S0,S,L_FETOT,M,2026-07,5491.2,A,F,,,P1M,A,,,LFSI.M.I10.S.UNEMPL.TOTAL0.15_74.F,,,,,,"See <a class=""external"" href=""http://sdw.ecb.europa.eu/web/generator/docu/rtdb_docu.pdf""> notes</a>; block Monthly; series: AF",,0,,,"Unemployment, age 15 to 74, female","Euro area (moving concept in the Real Time database context) - Standardised unemployment, Total (all ages), Female - Persons",PERS,3
RTD.M.S0.S.L_FMO25.F,M,S0,S,L_FMO25,F,2026-07,5.5,A,F,,,P1M,A,,,LFSI.M.I10.S.UNEHRT.TOTAL0.25_74.T,,,,,,"See <a class=""external"" href=""http://sdw.ecb.europa.eu/web/generator/docu/rtdb_docu.pdf""> notes</a>; block Monthly; series: AA",,1,,,"Unemployment rate, age 25 to 74, total","Euro area (moving concept in the Real Time database context) - Standardised unemployment, Age 25 and over, Total (male and female) - Percentage",PC,0
RTD.M.S0.S.L_FMO25.M,M,S0,S,L_FMO25,M,2026-07,8892.8,A,F,,,P1M,A,,,LFSI.M.I10.S.UNEMPL.TOTAL0.25_74.T,,,,,,"See <a class=""external"" href=""http://sdw.ecb.europa.eu/web/generator/docu/rtdb_docu.pdf""> notes</a>; block Monthly; series: Z",,0,,,"Unemployment, age 25 to 74, total","Euro area (moving concept in the Real Time database context) - Standardised unemployment, Age 25 and over, Total (male and female) - Persons",PERS,3
RTD.M.S0.S.L_FMU25.F,M,S0,S,L_FMU25,F,2026-07,14.9,A,F,,,P1M,A,,,LFSI.M.I10.S.UNEHRT.TOTAL0.15_24.T,,,,,,"See <a class=""external"" href=""http://sdw.ecb.europa.eu/web/generator/docu/rtdb_docu.pdf""> notes</a>; block Monthly; series: AC",,1,,,"Unemployment rate, age 15 to 24, total","Euro area (moving concept in the Real Time database context) - Standardised unemployment, Age under 25, Total (male and female) - Percentage",PC,0
RTD.M.S0.S.L_FMU25.M,M,S0,S,L_FMU25,M,2026-07,2371.2,A,F,,,P1M,A,,,LFSI.M.I10.S.UNEMPL.TOTAL0.15_24.T,,,,,,"See <a class=""external"" href=""http://sdw.ecb.europa.eu/web/generator/docu/rtdb_docu.pdf""> notes</a>; block Monthly; series: AB",,0,,,"Unemployment, age 15 to 24, total","Euro area (moving concept in the Real Time database context) - Standardised unemployment, Age under 25, Total (male and female) - Persons",PERS,3
RTD.M.S0.S.L_MATOT.F,M,S0,S,L_MATOT,F,2026-07,6.2,A,F,,,P1M,A,,,LFSI.M.I10.S.UNEHRT.TOTAL0.15_74.M,,,,,,"See <a class=""external"" href=""http://sdw.ecb.europa.eu/web/generator/docu/rtdb_docu.pdf""> notes</a>; block Monthly; series: AE",,1,,,"Unemployment rate, age 15 to 74, male","Euro area (moving concept in the Real Time database context) - Standardised unemployment, Total (all ages), Male - Percentage",PC,0
RTD.M.S0.S.L_MATOT.M,M,S0,S,L_MATOT,M,2026-07,5772.8,A,F,,,P1M,A,,,LFSI.M.I10.S.UNEMPL.TOTAL0.15_74.M,,,,,,"See <a class=""external"" href=""http://sdw.ecb.europa.eu/web/generator/docu/rtdb_docu.pdf""> notes</a>; block Monthly; series: AD",,0,,,"Unemployment, age 15 to 74, male","Euro area (moving concept in the Real Time database context) - Standardised unemployment, Total (all ages), Male - Persons",PERS,3
RTD.M.S0.S.L_UNETO.F,M,S0,S,L_UNETO,F,2026-07,6.4,A,F,,,P1M,A,,,LFSI.M.I10.S.UNEHRT.TOTAL0.15_74.T,,,,,,"See <a class=""external"" href=""http://sdw.ecb.europa.eu/web/generator/docu/rtdb_docu.pdf""> notes</a>; block Monthly; series: Y",,1,,,"Unemployment rate, age 15 to 74, total","Euro area (moving concept in the Real Time database context) - Standardised unemployment, Total (all ages), Total (male and female) - Percentage",PC,0
RTD.M.S0.S.L_UNETO.M,M,S0,S,L_UNETO,M,2026-07,11263.9,A,F,,,P1M,A,,,LFSI.M.I10.S.UNEMPL.TOTAL0.15_74.T,,,,,,"See <a class=""external"" href=""http://sdw.ecb.europa.eu/web/generator/docu/rtdb_docu.pdf""> notes</a>; block Monthly; series: X",,0,,,"Unemployment, age 15 to 74, total","Euro area (moving concept in the Real Time database context) - Standardised unemployment, Total (all ages), Total (male and female) - Persons",PERS,3
RTD.M.S0.S.T_MCAP.E,M,S0,S,T_MCAP,E,2026-05,45313272.235008,A,F,,,P1M,S,,,TRD.M.I10.Y.M.CAP.J10.4.VAL,,,,,,"See <a class=""external"" href=""http://sdw.ecb.europa.eu/web/generator/docu/rtdb_docu.pdf""> notes</a>; block Monthly; series: BX",,2,,,"Capital goods - Extra EA trade, Value, Import","Euro area (moving concept in the Real Time database context) - Trade - Import, Capital goods - Value - Euro",EUR,3
RTD.M.S0.S.T_MCAP_U.X,M,S0,S,T_MCAP_U,X,2025-02,127,A,F,,,P1M,A,,,TRD.M.I9.N.M.CAP.J9.4.UVX,,,2021 = 100,,,"See <a class=""external"" href=""http://sdw.ecb.europa.eu/web/generator/docu/rtdb_docu.pdf""> notes</a>; block Monthly; series: CX",,2,,,"Capital goods (BEC),Unit value index (Community concept)","Euro area (moving concept in the Real Time database context) - Trade - Import, Capital goods - Unit value - Index",POINTS,0
RTD.M.S0.S.T_MCAP_V.X,M,S0,S,T_MCAP_V,X,2026-05,107.3,A,F,,,P1M,A,,,TRD.M.I10.Y.M.CAP.J10.4.VOX,,,2021 = 100,,,"See <a class=""external"" href=""http://sdw.ecb.europa.eu/web/generator/docu/rtdb_docu.pdf""> notes</a>; block Monthly; series: CK",,2,,,"Capital goods - Extra EA trade, Volume index, Import","Euro area (moving concept in the Real Time database context) - Trade - Import, Capital goods - Volume - Index",POINTS,0
RTD.M.S0.S.T_MCOM.E,M,S0,S,T_MCOM,E,2026-05,63069101.930255,A,F,,,P1M,S,,,TRD.M.I10.Y.M.COM.J10.4.VAL,,,,,,"See <a class=""external"" href=""http://sdw.ecb.europa.eu/web/generator/docu/rtdb_docu.pdf""> notes</a>; block Monthly; series: BY",,2,,,"Consumption goods - Extra EA trade, Value, Import","Euro area (moving concept in the Real Time database context) - Trade - Import, Consumption goods (consumer goods and cars and petrol) - Euro",EUR,3
RTD.M.S0.S.T_MCOM_U.X,M,S0,S,T_MCOM_U,X,2025-02,123.6,A,F,,,P1M,A,,,TRD.M.I9.N.M.COM.J9.4.UVX,,,2021 = 100,,,"See <a class=""external"" href=""http://sdw.ecb.europa.eu/web/generator/docu/rtdb_docu.pdf""> notes</a>; block Monthly; series: CY",,2,,,"Consumption goods (consumer goods and cars and petrol) (BEC),Unit value index (Community concept)","Euro area (moving concept in the Real Time database context) - Trade - Import, Consumption goods (consumer goods and cars and petrol) - Unit value - Index",POINTS,0
RTD.M.S0.S.T_MCOM_V.X,M,S0,S,T_MCOM_V,X,2026-05,112.3,A,F,,,P1M,A,,,TRD.M.I10.Y.M.COM.J10.4.VOX,,,2021 = 100,,,"See <a class=""external"" href=""http://sdw.ecb.europa.eu/web/generator/docu/rtdb_docu.pdf""> notes</a>; block Monthly; series: CL",,2,,,"Consumption goods - Extra EA trade, Volume index, Import","Euro area (moving concept in the Real Time database context) - Trade - Import, Consumption goods (consumer goods and cars and petrol) - Volume - Index",POINTS,0
RTD.M.S0.S.T_MINT.E,M,S0,S,T_MINT,E,2026-05,147289087.67888,A,F,,,P1M,S,,,TRD.M.I10.Y.M.INT.J10.4.VAL,,,,,,"See <a class=""external"" href=""http://sdw.ecb.europa.eu/web/generator/docu/rtdb_docu.pdf""> notes</a>; block Monthly; series: BW",,2,,,"Intermediate goods - Extra EA trade, Value, Import","Euro area (moving concept in the Real Time database context) - Trade - Import, Intermediate goods - Value - Euro",EUR,3
RTD.M.S0.S.T_MINT_U.X,M,S0,S,T_MINT_U,X,2025-02,124.6,A,F,,,P1M,A,,,TRD.M.I9.N.M.INT.J9.4.UVX,,,2021 = 100,,,"See <a class=""external"" href=""http://sdw.ecb.europa.eu/web/generator/docu/rtdb_docu.pdf""> notes</a>; block Monthly; series: CW",,2,,,"Intermediate goods (BEC),Unit value index (Community concept)","Euro area (moving concept in the Real Time database context) - Trade - Import, Intermediate goods - Unit value - Index",POINTS,0
RTD.M.S0.S.T_MINT_V.X,M,S0,S,T_MINT_V,X,2026-05,97.1,A,F,,,P1M,A,,,TRD.M.I10.Y.M.INT.J10.4.VOX,,,2021 = 100,,,"See <a class=""external"" href=""http://sdw.ecb.europa.eu/web/generator/docu/rtdb_docu.pdf""> notes</a>; block Monthly; series: CJ",,2,,,"Intermediate goods - Extra EA trade, Volume index, Import","Euro area (moving concept in the Real Time database context) - Trade - Import, Intermediate goods - Volume - Index",POINTS,0
RTD.M.S0.S.T_MMAN.E,M,S0,S,T_MMAN,E,2026-06,180601708.22387,P,F,,,P1M,S,,,TRD.M.I10.Y.M.MAN.J10.4.VAL,,,,,,"See <a class=""external"" href=""http://sdw.ecb.europa.eu/web/generator/docu/rtdb_docu.pdf""> notes</a>; block Monthly; series: BZ",,2,,,"Manufactured products - Extra EA trade, Value, Import","Euro area (moving concept in the Real Time database context) - Trade - Import, Manufactured products - Value - Euro",EUR,3
RTD.M.S0.S.T_MMAN_U.X,M,S0,S,T_MMAN_U,X,2025-02,122.2,A,F,,,P1M,A,,,TRD.M.I9.N.M.MAN.J9.4.UVX,,,2021 = 100,,,"See <a class=""external"" href=""http://sdw.ecb.europa.eu/web/generator/docu/rtdb_docu.pdf""> notes</a>; block Monthly; series: CZ",,2,,,"Manufactured products (SITC 5 to 8),Unit value index (Community concept)","Euro area (moving concept in the Real Time database context) - Trade - Import, Manufactured products - Unit value - Index",POINTS,0
RTD.M.S0.S.T_MMAN_V.X,M,S0,S,T_MMAN_V,X,2026-05,103.7,A,F,,,P1M,A,,,TRD.M.I10.Y.M.MAN.J10.4.VOX,,,2021 = 100,,,"See <a class=""external"" href=""http://sdw.ecb.europa.eu/web/generator/docu/rtdb_docu.pdf""> notes</a>; block Monthly; series: CM",,2,,,"Manufactured products - Extra EA trade, Volume index, Import","Euro area (moving concept in the Real Time database context) - Trade - Import, Manufactured products - Volume - Index",POINTS,0
RTD.M.S0.S.T_MOIL.E,M,S0,S,T_MOIL,E,2026-05,33605924.832,A,F,,,P1M,S,,,TRD.M.I10.Y.M.OIL.J10.4.VAL,,,,,,"See <a class=""external"" href=""http://sdw.ecb.europa.eu/web/generator/docu/rtdb_docu.pdf""> notes</a>; block Monthly; series: CA",,2,,,"Petroleum, petroleum products and related materials - Extra EA trade, Value, Import","Euro area (moving concept in the Real Time database context) - Trade - Import, Petroleum, petroleum products and related materials - Value - Euro",EUR,3
RTD.M.S0.S.T_MOIL_U.X,M,S0,S,T_MOIL_U,X,2025-02,126.2,A,F,,,P1M,A,,,TRD.M.I9.N.M.OIL.J9.4.UVX,,,2021 = 100,,,"See <a class=""external"" href=""http://sdw.ecb.europa.eu/web/generator/docu/rtdb_docu.pdf""> notes</a>; block Monthly; series: DA",,2,,,"Petroleum, petroleum products and related materials (SITC 33),Unit value index (Community concept)","Euro area (moving concept in the Real Time database context) - Trade - Import, Petroleum, petroleum products and related materials - Unit value - Index",POINTS,0
RTD.M.S0.S.T_MOIL_V.X,M,S0,S,T_MOIL_V,X,2026-05,161,A,F,,,P1M,A,,,TRD.M.I10.Y.M.OIL.J10.4.VOX,,,2021 = 100,,,"See <a class=""external"" href=""http://sdw.ecb.europa.eu/web/generator/docu/rtdb_docu.pdf""> notes</a>; block Monthly; series: CN",,2,,,"Petroleum, petroleum products and related materials - Extra EA trade, Volume index, Import","Euro area (moving concept in the Real Time database context) - Trade - Import, Petroleum, petroleum products and related materials - Volume - Index",POINTS,0
RTD.M.S0.S.T_MTTT.E,M,S0,S,T_MTTT,E,2026-06,255717297.2787,P,F,,,P1M,S,,,TRD.M.I10.Y.M.TTT.J10.4.VAL,,,,,,"See <a class=""external"" href=""http://sdw.ecb.europa.eu/web/generator/docu/rtdb_docu.pdf""> notes</a>; block Monthly; series: BV",,2,,,"Total trade - Extra EA trade, Value, Import","Euro area (moving concept in the Real Time database context) - Trade - Import, Total - Value - Euro",EUR,3
RTD.M.S0.S.T_MTTT_U.X,M,S0,S,T_MTTT_U,X,2025-02,123.9,A,F,,,P1M,A,,,TRD.M.I9.N.M.TTT.J9.4.UVX,,,2021 = 100,,,"See <a class=""external"" href=""http://sdw.ecb.europa.eu/web/generator/docu/rtdb_docu.pdf""> notes</a>; block Monthly; series: CV",,2,,,"Total trade,Unit value index (Community concept)","Euro area (moving concept in the Real Time database context) - Trade - Import, Total - Unit value - Index",POINTS,0
RTD.M.S0.S.T_MTTT_V.X,M,S0,S,T_MTTT_V,X,2026-05,102.9,A,F,,,P1M,A,,,TRD.M.I10.Y.M.TTT.J10.4.VOX,,,2021 = 100,,,"See <a class=""external"" href=""http://sdw.ecb.europa.eu/web/generator/docu/rtdb_docu.pdf""> notes</a>; block Monthly; series: CI",,2,,,"Total trade - Extra EA trade, Volume index, Import","Euro area (moving concept in the Real Time database context) - Trade - Import, Total - Volume - Index",POINTS,0
RTD.M.S0.S.T_XCAP.E,M,S0,S,T_XCAP,E,2026-05,50581883.828249,A,F,,,P1M,S,,,TRD.M.I10.Y.X.CAP.J10.4.VAL,,,,,,"See <a class=""external"" href=""http://sdw.ecb.europa.eu/web/generator/docu/rtdb_docu.pdf""> notes</a>; block Monthly; series: BS",,2,,,"Capital goods - Extra EA trade, Value, Export","Euro area (moving concept in the Real Time database context) - Trade - Export, Capital goods - Value - Euro",EUR,3
RTD.M.S0.S.T_XCAP_U.X,M,S0,S,T_XCAP_U,X,2025-02,134.4,A,F,,,P1M,A,,,TRD.M.I9.N.X.CAP.J9.4.UVX,,,2021 = 100,,,"See <a class=""external"" href=""http://sdw.ecb.europa.eu/web/generator/docu/rtdb_docu.pdf""> notes</a>; block Monthly; series: CS",,2,,,"Capital goods (BEC),Unit value index (Community concept)","Euro area (moving concept in the Real Time database context) - Trade - Export, Capital goods - Unit value - Index",POINTS,0
RTD.M.S0.S.T_XCAP_V.X,M,S0,S,T_XCAP_V,X,2026-05,95.5,A,F,,,P1M,A,,,TRD.M.I10.Y.X.CAP.J10.4.VOX,,,2021 = 100,,,"See <a class=""external"" href=""http://sdw.ecb.europa.eu/web/generator/docu/rtdb_docu.pdf""> notes</a>; block Monthly; series: CF",,2,,,"Capital goods - Extra EA trade, Volume index, Export","Euro area (moving concept in the Real Time database context) - Trade - Export, Capital goods - Volume - Index",POINTS,0
RTD.M.S0.S.T_XCOM.E,M,S0,S,T_XCOM,E,2026-05,77960791.796852,A,F,,,P1M,S,,,TRD.M.I10.Y.X.COM.J10.4.VAL,,,,,,"See <a class=""external"" href=""http://sdw.ecb.europa.eu/web/generator/docu/rtdb_docu.pdf""> notes</a>; block Monthly; series: BT",,2,,,"Consumption goods - Extra EA trade, Value, Export","Euro area (moving concept in the Real Time database context) - Trade - Export, Consumption goods (consumer goods and cars and petrol) - Value - Euro",EUR,3
RTD.M.S0.S.T_XCOM_U.X,M,S0,S,T_XCOM_U,X,2025-02,131.5,A,F,,,P1M,A,,,TRD.M.I9.N.X.COM.J9.4.UVX,,,2021 = 100,,,"See <a class=""external"" href=""http://sdw.ecb.europa.eu/web/generator/docu/rtdb_docu.pdf""> notes</a>; block Monthly; series: CT",,2,,,"Consumption goods (consumer goods and cars and petrol) (BEC),Unit value index (Community concept)","Euro area (moving concept in the Real Time database context) - Trade - Export, Consumption goods (consumer goods and cars and petrol) - Unit value - Index",POINTS,0
RTD.M.S0.S.T_XCOM_V.X,M,S0,S,T_XCOM_V,X,2026-05,104.8,A,F,,,P1M,A,,,TRD.M.I10.Y.X.COM.J10.4.VOX,,,2021 = 100,,,"See <a class=""external"" href=""http://sdw.ecb.europa.eu/web/generator/docu/rtdb_docu.pdf""> notes</a>; block Monthly; series: CG",,2,,,"Consumption goods - Extra EA trade, Volume index, Export","Euro area (moving concept in the Real Time database context) - Trade - Export, Consumption goods (consumer goods and cars and petrol) - Volume - Index",POINTS,0
RTD.M.S0.S.T_XINT.E,M,S0,S,T_XINT,E,2026-05,120130325.35505,A,F,,,P1M,S,,,TRD.M.I10.Y.X.INT.J10.4.VAL,,,,,,"See <a class=""external"" href=""http://sdw.ecb.europa.eu/web/generator/docu/rtdb_docu.pdf""> notes</a>; block Monthly; series: BR",,2,,,"Intermediate goods - Extra EA trade, Value, Export","Euro area (moving concept in the Real Time database context) - Trade - Export, Intermediate goods - Value - Euro",EUR,3
RTD.M.S0.S.T_XINT_U.X,M,S0,S,T_XINT_U,X,2025-02,131.4,A,F,,,P1M,A,,,TRD.M.I9.N.X.INT.J9.4.UVX,,,2021 = 100,,,"See <a class=""external"" href=""http://sdw.ecb.europa.eu/web/generator/docu/rtdb_docu.pdf""> notes</a>; block Monthly; series: CR",,2,,,"Intermediate goods (BEC),Unit value index (Community concept)","Euro area (moving concept in the Real Time database context) - Trade - Export, Intermediate goods - Unit value - Index",POINTS,0
RTD.M.S0.S.T_XINT_V.X,M,S0,S,T_XINT_V,X,2026-05,85.4,A,F,,,P1M,A,,,TRD.M.I10.Y.X.INT.J10.4.VOX,,,2021 = 100,,,"See <a class=""external"" href=""http://sdw.ecb.europa.eu/web/generator/docu/rtdb_docu.pdf""> notes</a>; block Monthly; series: CE",,2,,,"Intermediate goods - Extra EA trade, Volume index, Export","Euro area (moving concept in the Real Time database context) - Trade - Export, Intermediate goods - Volume - Index",POINTS,0
RTD.M.S0.S.T_XMAN.E,M,S0,S,T_XMAN,E,2026-06,207695365.61553,P,F,,,P1M,S,,,TRD.M.I10.Y.X.MAN.J10.4.VAL,,,,,,"See <a class=""external"" href=""http://sdw.ecb.europa.eu/web/generator/docu/rtdb_docu.pdf""> notes</a>; block Monthly; series: BU",,2,,,"Manufactured products - Extra EA trade, Value, Export","Euro area (moving concept in the Real Time database context) - Trade - Export, Manufactured products - Value - Euro",EUR,3
RTD.M.S0.S.T_XMAN_U.X,M,S0,S,T_XMAN_U,X,2025-02,131.2,A,F,,,P1M,A,,,TRD.M.I9.N.X.MAN.J9.4.UVX,,,2021 = 100,,,"See <a class=""external"" href=""http://sdw.ecb.europa.eu/web/generator/docu/rtdb_docu.pdf""> notes</a>; block Monthly; series: CU",,2,,,"Manufactured products (SITC 5 to 8),Unit value index (Community concept)","Euro area (moving concept in the Real Time database context) - Trade - Export, Manufactured products - Unit value - Index",POINTS,0
RTD.M.S0.S.T_XMAN_V.X,M,S0,S,T_XMAN_V,X,2026-05,92.5,A,F,,,P1M,A,,,TRD.M.I10.Y.X.MAN.J10.4.VOX,,,2021 = 100,,,"See <a class=""external"" href=""http://sdw.ecb.europa.eu/web/generator/docu/rtdb_docu.pdf""> notes</a>; block Monthly; series: CH",,2,,,"Manufactured products - Extra EA trade, Volume index, Export","Euro area (moving concept in the Real Time database context) - Trade - Export, Manufactured products - Volume - Index",POINTS,0
RTD.M.S0.S.T_XTTT.E,M,S0,S,T_XTTT,E,2026-06,257558479.12941,P,F,,,P1M,S,,,TRD.M.I10.Y.X.TTT.J10.4.VAL,,,,,,"See <a class=""external"" href=""http://sdw.ecb.europa.eu/web/generator/docu/rtdb_docu.pdf""> notes</a>; block Monthly; series: BQ",,2,,,"Total trade - Extra EA trade, Value, Export","Euro area (moving concept in the Real Time database context) - Trade - Export, Total - Value - Euro",EUR,3
RTD.M.S0.S.T_XTTT_U.X,M,S0,S,T_XTTT_U,X,2025-02,131.9,A,F,,,P1M,A,,,TRD.M.I9.N.X.TTT.J9.4.UVX,,,2021 = 100,,,"See <a class=""external"" href=""http://sdw.ecb.europa.eu/web/generator/docu/rtdb_docu.pdf""> notes</a>; block Monthly; series: CQ",,2,,,"Total trade,Unit value index (Community concept)","Euro area (moving concept in the Real Time database context) - Trade - Export, Total - Unit value - Index",POINTS,0
RTD.M.S0.S.T_XTTT_V.X,M,S0,S,T_XTTT_V,X,2026-05,93.3,A,F,,,P1M,A,,,TRD.M.I10.Y.X.TTT.J10.4.VOX,,,2021 = 100,,,"See <a class=""external"" href=""http://sdw.ecb.europa.eu/web/generator/docu/rtdb_docu.pdf""> notes</a>; block Monthly; series: CD",,2,,,"Total trade - Extra EA trade, Volume index, Export","Euro area (moving concept in the Real Time database context) - Trade - Export, Total - Volume - Index",POINTS,0
RTD.M.S0.S.Y_COAOB.F,M,S0,S,Y_COAOB,F,2025-05,-10.820352078981205,A,F,,,P1M,B,,,SUR.M.I9.S.ECFIN.CON003.TT,,,,,,"See <a class=""external"" href=""http://sdw.ecb.europa.eu/web/generator/docu/rtdb_docu.pdf""> notes</a>; block Monthly; series: FY",,1,4D1,,,Euro area (moving concept in the Real Time database context) - Construction Survey - Assessment of order books - Percentage,UNITS,0
RTD.M.S0.S.Y_COCCI.F,M,S0,S,Y_COCCI,F,2026-08,-5.035,A,F,,,P1M,B,,,ECS.M.I10.S.4D1.CON099.TT,,,,,,"See <a class=""external"" href=""http://sdw.ecb.europa.eu/web/generator/docu/rtdb_docu.pdf""> notes</a>; block Monthly; series: FX",,1,4D1,,Construction survey - construction Confidence Indicator,Euro area (moving concept in the Real Time database context) - Construction Survey - Construction Confidence Indicator - Percentage,UNITS,0
RTD.M.S0.S.Y_COEEX.F,M,S0,S,Y_COEEX,F,2025-05,3.553177611288078,A,F,,,P1M,B,,,SUR.M.I9.S.ECFIN.CON004.TT,,,,,,"See <a class=""external"" href=""http://sdw.ecb.europa.eu/web/generator/docu/rtdb_docu.pdf""> notes</a>; block Monthly; series: FZ",,1,4D1,,,Euro area (moving concept in the Real Time database context) - Construction Survey - Employment expectations for the months ahead - Percentage,UNITS,0
RTD.M.S0.S.Y_CSCCI.F,M,S0,S,Y_CSCCI,F,2026-08,-15.511,A,F,,,P1M,B,,,ECS.M.I10.S.4D1.CNS099.TT,,,,,,"See <a class=""external"" href=""http://sdw.ecb.europa.eu/web/generator/docu/rtdb_docu.pdf""> notes</a>; block Monthly; series: FS",,1,4D1,,Consumer survey - consumer confidence indicator,Euro area (moving concept in the Real Time database context) - Consumer Survey - Consumer Confidence Indicator - Percentage,UNITS,0
RTD.M.S0.S.Y_CSF12.F,M,S0,S,Y_CSF12,F,2025-05,-4.941850122204418,A,F,,,P1M,B,,,SUR.M.I9.S.ECFIN.CNS002.TT,,,,,,"See <a class=""external"" href=""http://sdw.ecb.europa.eu/web/generator/docu/rtdb_docu.pdf""> notes</a>; block Monthly; series: FT",,1,4D1,,,Euro area (moving concept in the Real Time database context) - Consumer Survey - Financial situation over next 12 months - Percentage,UNITS,0
RTD.M.S0.S.Y_CSG12.F,M,S0,S,Y_CSG12,F,2025-05,-29.599736262969653,A,F,,,P1M,B,,,SUR.M.I9.S.ECFIN.CNS004.TT,,,,,,"See <a class=""external"" href=""http://sdw.ecb.europa.eu/web/generator/docu/rtdb_docu.pdf""> notes</a>; block Monthly; series: FU",,1,4D1,,,Euro area (moving concept in the Real Time database context) - Consumer Survey - General economic situation over next 12 months - Percentage,UNITS,0
RTD.M.S0.S.Y_CSS12.F,M,S0,S,Y_CSS12,F,2025-05,7.096419353275616,A,F,,,P1M,B,,,SUR.M.I9.S.ECFIN.CNS011.TT,,,,,,"See <a class=""external"" href=""http://sdw.ecb.europa.eu/web/generator/docu/rtdb_docu.pdf""> notes</a>; block Monthly; series: FW",,1,4D1,,,Euro area (moving concept in the Real Time database context) - Consumer Survey - Savings over next 12 months - Percentage,UNITS,0
RTD.M.S0.S.Y_CSU12.F,M,S0,S,Y_CSU12,F,2025-05,28.52288069750172,A,F,,,P1M,B,,,SUR.M.I9.S.ECFIN.CNS007.TT,,,,,,"See <a class=""external"" href=""http://sdw.ecb.europa.eu/web/generator/docu/rtdb_docu.pdf""> notes</a>; block Monthly; series: FV",,1,4D1,,,Euro area (moving concept in the Real Time database context) - Consumer Survey - Unemployment expectations over next 12 months - Percentage,UNITS,0
RTD.M.S0.S.Y_ESIND.F,M,S0,S,Y_ESIND,F,2026-08,98.357,A,F,,,P1M,B,,,ECS.M.I10.S.4D1.ESI000.TT,,,Long-term average = 100,,,"See <a class=""external"" href=""http://sdw.ecb.europa.eu/web/generator/docu/rtdb_docu.pdf""> notes</a>; block Monthly; series: FN",,1,4D1,,Economic sentiment indicator,Euro area (moving concept in the Real Time database context) - Economic Sentiment Indicator - Percentage,UNITS,0
RTD.M.S0.S.Y_ISAOB.F,M,S0,S,Y_ISAOB,F,2025-05,-24.420388537399575,A,F,,,P1M,B,,,SUR.M.I9.S.ECFIN.MAN002.TT,,,,,,"See <a class=""external"" href=""http://sdw.ecb.europa.eu/web/generator/docu/rtdb_docu.pdf""> notes</a>; block Monthly; series: FP",,1,4D1,,,Euro area (moving concept in the Real Time database context) - Industry Survey - Assessment of order-book levels - Percentage,UNITS,0
RTD.M.S0.S.Y_ISASP.F,M,S0,S,Y_ISASP,F,2025-05,7.923255722345211,A,F,,,P1M,B,,,SUR.M.I9.S.ECFIN.MAN004.TT,,,,,,"See <a class=""external"" href=""http://sdw.ecb.europa.eu/web/generator/docu/rtdb_docu.pdf""> notes</a>; block Monthly; series: FQ",,1,4D1,,,Euro area (moving concept in the Real Time database context) - Industry Survey - Assessment of stocks of finished products - Percentage,UNITS,0
RTD.M.S0.S.Y_ISICI.F,M,S0,S,Y_ISICI,F,2026-08,-5.309,A,F,,,P1M,B,,,ECS.M.I10.S.4D1.MAN099.TT,,,,,,"See <a class=""external"" href=""http://sdw.ecb.europa.eu/web/generator/docu/rtdb_docu.pdf""> notes</a>; block Monthly; series: FO",,1,4D1,,Industry survey - industrial confidence indicator,Euro area (moving concept in the Real Time database context) - Industry Survey - Industrial Confidence Indicator - Percentage,UNITS,0
RTD.M.S0.S.Y_ISPEX.F,M,S0,S,Y_ISPEX,F,2025-05,1.516968641458636,A,F,,,P1M,B,,,SUR.M.I9.S.ECFIN.MAN005.TT,,,,,,"See <a class=""external"" href=""http://sdw.ecb.europa.eu/web/generator/docu/rtdb_docu.pdf""> notes</a>; block Monthly; series: FR",,1,4D1,,,Euro area (moving concept in the Real Time database context) - Industry Survey - Production expectations for the months ahead - Percentage,UNITS,0
RTD.M.S0.S.Y_RSAOS.F,M,S0,S,Y_RSAOS,F,2025-05,12.696406901345886,A,F,,,P1M,B,,,SUR.M.I9.S.ECFIN.RET002.TT,,,,,,"See <a class=""external"" href=""http://sdw.ecb.europa.eu/web/generator/docu/rtdb_docu.pdf""> notes</a>; block Monthly; series: GC",,1,4D1,,,Euro area (moving concept in the Real Time database context) - Retail Trade Survey - Assessment of stocks - Percentage,UNITS,0
RTD.M.S0.S.Y_RSBEX.F,M,S0,S,Y_RSBEX,F,2025-05,-6.51392415643839,A,F,,,P1M,B,,,SUR.M.I9.S.ECFIN.RET004.TT,,,,,,"See <a class=""external"" href=""http://sdw.ecb.europa.eu/web/generator/docu/rtdb_docu.pdf""> notes</a>; block Monthly; series: GD",,1,4D1,,,Euro area (moving concept in the Real Time database context) - Retail Trade Survey - Expected business situation - Percentage,UNITS,0
RTD.M.S0.S.Y_RSPBS.F,M,S0,S,Y_RSPBS,F,2025-05,-1.894032510207964,A,F,,,P1M,B,,,SUR.M.I9.S.ECFIN.RET001.TT,,,,,,"See <a class=""external"" href=""http://sdw.ecb.europa.eu/web/generator/docu/rtdb_docu.pdf""> notes</a>; block Monthly; series: GB",,1,4D1,,,Euro area (moving concept in the Real Time database context) - Retail Trade Survey - Present business situation - Percentage,UNITS,0
RTD.M.S0.S.Y_RSRCI.F,M,S0,S,Y_RSRCI,F,2026-08,-5.741,A,F,,,P1M,B,,,ECS.M.I10.S.4D1.RET099.TT,,,,,,"See <a class=""external"" href=""http://sdw.ecb.europa.eu/web/generator/docu/rtdb_docu.pdf""> notes</a>; block Monthly; series: GA",,1,4D1,,Retail trade survey - retail confidence indicator,Euro area (moving concept in the Real Time database context) - Retail Trade Survey - Retail Confidence Indicator - Percentage,UNITS,0
RTD.M.S0.S.Y_SSABC.F,M,S0,S,Y_SSABC,F,2025-05,-2.223044887680818,A,F,,,P1M,B,,,SUR.M.I9.S.ECFIN.SER001.TT,,,,,,"See <a class=""external"" href=""http://sdw.ecb.europa.eu/web/generator/docu/rtdb_docu.pdf""> notes</a>; block Monthly; series: GF",,1,4D1,,,Euro area (moving concept in the Real Time database context) - Service Survey - Assessment of the business climate - Percentage,UNITS,0
RTD.M.S0.S.Y_SSEDE.F,M,S0,S,Y_SSEDE,F,2025-05,5.329503794197798,A,F,,,P1M,B,,,SUR.M.I9.S.ECFIN.SER003.TT,,,,,,"See <a class=""external"" href=""http://sdw.ecb.europa.eu/web/generator/docu/rtdb_docu.pdf""> notes</a>; block Monthly; series: GH",,1,4D1,,,Euro area (moving concept in the Real Time database context) - Service Survey - Evolution of demand expected in the months ahead - Percentage,UNITS,0
RTD.M.S0.S.Y_SSEDR.F,M,S0,S,Y_SSEDR,F,2025-05,1.440621062354764,A,F,,,P1M,B,,,SUR.M.I9.S.ECFIN.SER002.TT,,,,,,"See <a class=""external"" href=""http://sdw.ecb.europa.eu/web/generator/docu/rtdb_docu.pdf""> notes</a>; block Monthly; series: GG",,1,4D1,,,Euro area (moving concept in the Real Time database context) - Service Survey - Evolution of demand in recent months - Percentage,UNITS,0
RTD.M.S0.S.Y_SSSCI.F,M,S0,S,Y_SSSCI,F,2026-08,5.763,A,F,,,P1M,B,,,ECS.M.I10.S.4D1.SER099.TT,,,,,,"See <a class=""external"" href=""http://sdw.ecb.europa.eu/web/generator/docu/rtdb_docu.pdf""> notes</a>; block Monthly; series: GE",,1,4D1,,Service survey - service confidence indicator,Euro area (moving concept in the Real Time database context) - Service Survey - Service Confidence Indicator - Percentage,UNITS,0
RTD.M.S0.W.I_CAPGO.X,M,S0,W,I_CAPGO,X,2025-08,79.8,A,F,,,P1M,A,,,STBS.M.I10.W.PROD.NS0050.4D0.N.IX,,,2021=100,,,"See <a class=""external"" href=""http://sdw.ecb.europa.eu/web/generator/docu/rtdb_docu.pdf""> notes</a>; block Monthly; series: G",,2,4D0,,"Industrial Production Index - Working day adjusted, not seasonally adjusted","Euro area (moving concept in the Real Time database context) - Industrial Production Index, MIG Capital Goods Industry - Index",IX,0
RTD.M.S0.W.I_CONGO.X,M,S0,W,I_CONGO,X,2025-08,102.2,A,F,,,P1M,A,,,STBS.M.I10.W.PROD.NS0080.4D0.N.IX,,,2021=100,,,"See <a class=""external"" href=""http://sdw.ecb.europa.eu/web/generator/docu/rtdb_docu.pdf""> notes</a>; block Monthly; series: H",,2,4D0,,"Industrial Production Index - Working day adjusted, not seasonally adjusted","Euro area (moving concept in the Real Time database context) - Industrial Production Index, Consumer goods industry - Index",IX,0
RTD.M.S0.W.I_CONST.X,M,S0,W,I_CONST,X,2025-08,81.2,A,F,,,P1M,A,,,STBS.M.I10.W.PROD.2F0000.4D0.N.IX,,,2021=100,,,"See <a class=""external"" href=""http://sdw.ecb.europa.eu/web/generator/docu/rtdb_docu.pdf""> notes</a>; block Monthly; series: L",,2,4D0,,"Construction Production - Working day adjusted, not seasonally adjusted","Euro area (moving concept in the Real Time database context) - Industrial Production Index, Construction - Index",IX,0
RTD.M.S0.W.I_DCOGO.X,M,S0,W,I_DCOGO,X,2025-03,107.4,A,F,,,P1M,A,,,STS.M.I9.W.PROD.NS0060.4.000,,,2021=100,,,"See <a class=""external"" href=""http://sdw.ecb.europa.eu/web/generator/docu/rtdb_docu.pdf""> notes</a>; block Monthly; series: I",,2,4D0,,Industrial production; durable consumer goods,"Euro area (moving concept in the Real Time database context) - Industrial Production Index, MIG Durable Consumer Goods Industry - Index",PURE_NUMB,0
RTD.M.S0.W.I_ENERG.X,M,S0,W,I_ENERG,X,2025-08,85.4,A,F,,,P1M,A,,,STBS.M.I10.W.PROD.NS0090.4D0.N.IX,,,2021=100,,,"See <a class=""external"" href=""http://sdw.ecb.europa.eu/web/generator/docu/rtdb_docu.pdf""> notes</a>; block Monthly; series: K",,2,4D0,,"Industrial Production Index - Working day adjusted, not seasonally adjusted","Euro area (moving concept in the Real Time database context) - Industrial Production Index, MIG Energy - Index",IX,0
RTD.M.S0.W.I_INDTO.X,M,S0,W,I_INDTO,X,2025-03,108,A,F,,,P1M,A,,,STS.M.I9.W.PROD.NS0010.4.000,,,2021=100,,,"See <a class=""external"" href=""http://sdw.ecb.europa.eu/web/generator/docu/rtdb_docu.pdf""> notes</a>; block Monthly; series: B",,2,4D0,,Industrial production; total including construction,"Euro area (moving concept in the Real Time database context) - Industrial Production Index, Total Industry - Index",PURE_NUMB,0
RTD.M.S0.W.I_INTGO.X,M,S0,W,I_INTGO,X,2025-08,73.7,A,F,,,P1M,A,,,STBS.M.I10.W.PROD.NS0040.4D0.N.IX,,,2021=100,,,"See <a class=""external"" href=""http://sdw.ecb.europa.eu/web/generator/docu/rtdb_docu.pdf""> notes</a>; block Monthly; series: F",,2,4D0,,"Industrial Production Index - Working day adjusted, not seasonally adjusted","Euro area (moving concept in the Real Time database context) - Industrial Production Index, MIG Intermediate Goods Industry - Index",IX,0
RTD.M.S0.W.I_MANUF.X,M,S0,W,I_MANUF,X,2025-08,83.7,A,F,,,P1M,A,,,STBS.M.I10.W.PROD.2C0000.4D0.N.IX,,,2021=100,,,"See <a class=""external"" href=""http://sdw.ecb.europa.eu/web/generator/docu/rtdb_docu.pdf""> notes</a>; block Monthly; series: M",,2,4D0,,"Industrial Production Index - Working day adjusted, not seasonally adjusted","Euro area (moving concept in the Real Time database context) - Industrial Production Index, Manufacturing - Index",IX,0
RTD.M.S0.W.I_NCARS.Q,M,S0,W,I_NCARS,Q,2022-12,737953,A,F,,,P1M,S,,,STS.M.I8.W.CREG.PC0000.3.ABS,,,,,,"See <a class=""external"" href=""http://sdw.ecb.europa.eu/web/generator/docu/rtdb_docu.pdf""> notes</a>; block Monthly; series: W",,2,4F0,,New passenger car registration,"Euro area (moving concept in the Real Time database context) - Car registration, New passenger car - Quantity",PURE_NUMB,0
RTD.M.S0.W.I_NCOGO.X,M,S0,W,I_NCOGO,X,2025-03,123.7,A,F,,,P1M,A,,,STS.M.I9.W.PROD.NS0070.4.000,,,2021=100,,,"See <a class=""external"" href=""http://sdw.ecb.europa.eu/web/generator/docu/rtdb_docu.pdf""> notes</a>; block Monthly; series: J",,2,4D0,,Industrial production; non-durable consumer goods,"Euro area (moving concept in the Real Time database context) - Industrial Production Index, MIG Non-durable Consumer Goods Industry - Index",PURE_NUMB,0
RTD.M.S0.W.I_XCOEN.X,M,S0,W,I_XCOEN,X,2025-03,109.6,A,F,,,P1M,A,,,STS.M.I9.W.PROD.NS0021.4.000,,,2021=100,,,"See <a class=""external"" href=""http://sdw.ecb.europa.eu/web/generator/docu/rtdb_docu.pdf""> notes</a>; block Monthly; series: E",,2,4D0,,"Industrial production; total excluding construction, energy","Euro area (moving concept in the Real Time database context) - Industrial Production Index, Total Industry excluding construction and MIG Energy - Index",PURE_NUMB,0
RTD.M.S0.W.I_XCONS.X,M,S0,W,I_XCONS,X,2025-08,83.5,A,F,,,P1M,A,,,STBS.M.I10.W.PROD.NS0020.4D0.N.IX,,,2021=100,,,"See <a class=""external"" href=""http://sdw.ecb.europa.eu/web/generator/docu/rtdb_docu.pdf""> notes</a>; block Monthly; series: D",,2,4D0,,"Total industrial production (excluding construction) - Working day adjusted, not seasonally adjusted","Euro area (moving concept in the Real Time database context) - Industrial Production Index, Total Industry (excluding construction) - Index",IX,0
RTD.M.S0.Y.I_NCARS.Q,M,S0,Y,I_NCARS,Q,2026-06,820649.4,A,F,,,P1M,S,,,CAR.M.I10.Y.CREG.PC0000.4F0.N.PN,,,,,,"See <a class=""external"" href=""http://sdw.ecb.europa.eu/web/generator/docu/rtdb_docu.pdf""> notes</a>; block Monthly; series: V",,2,4F0,,"New passenger car registration, Working day and seasonally adjusted","Euro area (moving concept in the Real Time database context) - Car registration, New passenger car - Quantity",PN,0
RTD.M.S0.Y.I_XCONS.X,M,S0,Y,I_XCONS,X,2025-08,97.7,A,F,,,P1M,A,,,STBS.M.I10.Y.PROD.NS0020.4D0.N.IX,,,2021=100,,,"See <a class=""external"" href=""http://sdw.ecb.europa.eu/web/generator/docu/rtdb_docu.pdf""> notes</a>; block Monthly; series: C",,2,4D0,,Total industrial production (excluding construction) - Working day and seasonally adjusted,"Euro area (moving concept in the Real Time database context) - Industrial Production Index, Total Industry (excluding construction) - Index",IX,0
RTD.M.S0.Y.M_LOANSEC_U_NG.E,M,S0,Y,M_LOANSEC_U_NG,E,2025-04,15891502.531724,P,F,,,P1M,E,,,BSI.M.U2.N.U.AT2.A.1.U2.2200.Z01.E,,,,,,"See <a class=""external"" href=""http://sdw.ecb.europa.eu/web/generator/docu/rtdb_docu.pdf""> notes</a>; block Monthly; series: FM",,2,,,Loans [A20] and securities [AT1] vis-a-vis euro area Non-MFIs excl. general gov. reported by MFIs in the euro area (stocks),"Euro area (moving concept in the Real Time database context) - Loans and securities (credit), total maturity, all currencies combined - Monetary and Financial Institutions (MFIs) reporting sector - Euro area counterpart, Non-MFIs excluding general government sector - outstanding amounts at the end of the period (stoc - Euro",EUR,6
RTD.M.S0.Y.M_LOAN_U_NG.E,M,S0,Y,M_LOAN_U_NG,E,2025-04,13530339.158426,P,F,,,P1M,E,,,BSI.M.U2.N.U.A20.A.1.U2.2200.Z01.E,,,,,,"See <a class=""external"" href=""http://sdw.ecb.europa.eu/web/generator/docu/rtdb_docu.pdf""> notes</a>; block Monthly; series: FL",,2,,,Loans vis-a-vis euro area Non-MFIs excl. general gov. reported by MFIs in the euro area (stocks),"Euro area (moving concept in the Real Time database context) - Loans, total maturity, all currencies combined - Monetary and Financial Institutions (MFIs) reporting sector - Euro area counterpart, Non-MFIs excluding general government sector - outstanding amounts at the end of the period (stocks) - Euro",EUR,6
RTD.M.S0.Y.M_M1_V_NC.E,M,S0,Y,M_M1_V_NC,E,2025-04,10703218.861646999,P,F,,,P1M,E,,,BSI.M.U2.N.V.M10.X.1.U2.2300.Z01.E,,,,,,"See <a class=""external"" href=""http://sdw.ecb.europa.eu/web/generator/docu/rtdb_docu.pdf""> notes</a>; block Monthly; series: FH",,2,,,"Monetary aggregate M1 reported by MFIs, central gov. and post office giro institutions in the euro area (stocks)","Euro area (moving concept in the Real Time database context) - Monetary aggregate M1, all currencies combined - MFIs, central government and post office giro institutions reporting sector - Euro area counterpart, Non-MFIs excluding central government sector - outstanding amounts at the end of the period (stocks) - Euro",EUR,6
RTD.M.S0.Y.M_M2_V_NC.E,M,S0,Y,M_M2_V_NC,E,2025-04,15652120.758562,P,F,,,P1M,E,,,BSI.M.U2.N.V.M20.X.1.U2.2300.Z01.E,,,,,,"See <a class=""external"" href=""http://sdw.ecb.europa.eu/web/generator/docu/rtdb_docu.pdf""> notes</a>; block Monthly; series: FI",,2,,,"Monetary aggregate M2 reported by MFIs, central gov. and post office giro institutions in the euro area (stocks)","Euro area (moving concept in the Real Time database context) - Monetary aggregate M2, all currencies combined - MFIs, central government and post office giro institutions reporting sector - Euro area counterpart, Non-MFIs excluding central government sector - outstanding amounts at the end of the period (stocks) - Euro",EUR,6
RTD.M.S0.Y.M_M3BM_V_NC.A,M,S0,Y,M_M3BM_V_NC,A,2026-07,3.383965449329329,P,F,,,P1M,E,,,BSI.M.U2.Y.V.M30.X.I.U2.2300.Z01.A,,,,,,"See <a class=""external"" href=""http://sdw.ecb.europa.eu/web/generator/docu/rtdb_docu.pdf""> notes</a>; block Monthly; series: FG",,1,,,"Monetary aggregate M3, Annual growth rate","Euro area (moving concept in the Real Time database context) - Monetary aggregate M3 - Base Money (index of notional stock), all currencies combined - MFIs, central government and post office giro institutions reporting sector - Euro area counterpart, Non-MFIs excluding central government sector - outstanding amounts - Annual growth rate",PCCH,0
RTD.M.S0.Y.M_M3_V_NC.E,M,S0,Y,M_M3_V_NC,E,2025-04,16875417.249551,P,F,,,P1M,E,,,BSI.M.U2.N.V.M30.X.1.U2.2300.Z01.E,,,,,,"See <a class=""external"" href=""http://sdw.ecb.europa.eu/web/generator/docu/rtdb_docu.pdf""> notes</a>; block Monthly; series: FJ",,2,,,"Monetary aggregate M3 reported by MFIs, central gov. and post office giro institutions in the euro area (stocks)","Euro area (moving concept in the Real Time database context) - Monetary aggregate M3, all currencies combined - MFIs, central government and post office giro institutions reporting sector - Euro area counterpart, Non-MFIs excluding central government sector - outstanding amounts at the end of the period (stocks) - Euro",EUR,6
RTD.M.S0.Y.O_RTFOBETD.X,M,S0,Y,O_RTFOBETD,X,2025-08,96.2,A,F,,,P1M,A,,,STBS.M.I10.Y.TOVV.NS4702.4D0.N.IX,,,2021=100,,,"See <a class=""external"" href=""http://sdw.ecb.europa.eu/web/generator/docu/rtdb_docu.pdf""> notes</a>; block Monthly; series: R",,2,4D0,,"Total Turnover Index, deflated - Working day and seasonally adjusted","Euro area (moving concept in the Real Time database context) - Total Turnover Index, deflated, Retail sale of food, beverages and tobacco - Index",IX,0
RTD.M.S0.Y.O_RTHOUSED.X,M,S0,Y,O_RTHOUSED,X,2020-12,114.2,A,F,,,P1M,A,,,STS.M.I9.Y.TOVV.NS4705.4.000,,,2021=100,,,"See <a class=""external"" href=""http://sdw.ecb.europa.eu/web/generator/docu/rtdb_docu.pdf""> notes</a>; block Monthly; series: U",,2,4D0,,"Retail trade turnover, deflated, audio and video equipment etc.","Euro area (moving concept in the Real Time database context) - Total Turnover Index, deflated, Retail sale of household equipment - Index",PURE_NUMB,0
RTD.M.S0.Y.O_RTNONFOD.X,M,S0,Y,O_RTNONFOD,X,2025-08,107.5,A,F,,,P1M,A,,,STBS.M.I10.Y.TOVV.NS4703.4D0.N.IX,,,2021=100,,,"See <a class=""external"" href=""http://sdw.ecb.europa.eu/web/generator/docu/rtdb_docu.pdf""> notes</a>; block Monthly; series: S",,2,4D0,,"Total Turnover Index, deflated - Working day and seasonally adjusted","Euro area (moving concept in the Real Time database context) - Total Turnover Index, deflated, Retail sale of non food products - Index",IX,0
RTD.M.S0.Y.O_RTTEXCLD.X,M,S0,Y,O_RTTEXCLD,X,2022-04,82.8,A,F,,,P1M,A,,,STS.M.I9.Y.TOVV.NS4704.4.000,,,2021=100,,,"See <a class=""external"" href=""http://sdw.ecb.europa.eu/web/generator/docu/rtdb_docu.pdf""> notes</a>; block Monthly; series: T",,2,4D0,,"Retail trade turnover, deflated, textiles, clothing etc.","Euro area (moving concept in the Real Time database context) - Total Turnover Index, deflated, Retail sale of textiles, clothing, footwear and leather goods - Index",PURE_NUMB,0
RTD.M.S0.Y.O_RTXMOTV.X,M,S0,Y,O_RTXMOTV,X,2025-03,117.6,A,F,,,P1M,A,,,STS.M.I9.Y.TOVT.2G4700.4.000,,,2021=100,,,"See <a class=""external"" href=""http://sdw.ecb.europa.eu/web/generator/docu/rtdb_docu.pdf""> notes</a>; block Monthly; series: N",,2,4D0,,"Retail trade turnover, nominal, total including fuel, except of motor vehicles and motorcycles","Euro area (moving concept in the Real Time database context) - Total Turnover Index, Retail trade, except of motor vehicles and motorcycles - Index",PURE_NUMB,0
RTD.M.S0.Y.O_RTXMOTVD.X,M,S0,Y,O_RTXMOTVD,X,2025-08,102.5,A,F,,,P1M,A,,,STBS.M.I10.Y.TOVV.2G4700.4D0.N.IX,,,2021=100,,,"See <a class=""external"" href=""http://sdw.ecb.europa.eu/web/generator/docu/rtdb_docu.pdf""> notes</a>; block Monthly; series: P",,2,4D0,,"Total retail trade turnover, deflated - Working day and seasonally adjusted","Euro area (moving concept in the Real Time database context) - Total Turnover Index, deflated, Retail trade, except of motor vehicles and motorcycles - Index",IX,0
RTD.M.US.N.P_C_OV.X,M,US,N,P_C_OV,X,2026-07,333.918,A,F,,,P1M,A,,,BISM.M.VEBA.US.01,,,,,,"See <a class=""external"" href=""http://sdw.ecb.europa.eu/web/generator/docu/rtdb_docu.pdf""> notes</a>; block Monthly; series: ED",,3,,,"CONSUMER PRICES, ALL ITEMS (ALL URBAN CONSUMERS), NSA","United States - HICP - Overall index - IndexUnited States - CONSUMER PRICES, ALL ITEMS (ALL URBAN CONSUMERS), NSA - ALL URBAN CONSUMERS",IX,0
RTD.M.US.Y.I_MANUF.X,M,US,Y,I_MANUF,X,2025-04,100.7,A,F,,,P1M,S,,,BISM.M.SBNB.US.01,,,,,,"See <a class=""external"" href=""http://sdw.ecb.europa.eu/web/generator/docu/rtdb_docu.pdf""> notes</a>; block Monthly; series: EE",,1,,,"INDUST.PROD., MANUFACTURING SA","United States - Industrial Production Index, Manufacturing - Index",IX,0
RTD.M.US.Y.L_UNETO.F,M,US,Y,L_UNETO,F,2025-04,4.2,A,F,,,P1M,M,,,BISM.M.UIHB.US.01,,,,,,"See <a class=""external"" href=""http://sdw.ecb.europa.eu/web/generator/docu/rtdb_docu.pdf""> notes</a>; block Monthly; series: EF",,1,,,UNEMPLOYMENT RATE SA,"United States - Standardised unemployment, Total (all ages), Total (male and female) - Percentage",PC,0
RTD.M.US.Y.M_M2.U,M,US,Y,M_M2,U,2025-04,21862.5,A,F,,,P1M,A,,,BISM.M.ABUB.US.01,,,,,,"See <a class=""external"" href=""http://sdw.ecb.europa.eu/web/generator/docu/rtdb_docu.pdf""> notes</a>; block Monthly; series: EG",,1,,,M2 (M1 PLUS SMALL TIME & SAV.DEPOSITS & MONEY MKT MUT.FUNDS) SA,United States - Money stock M2 - US dollar,USD,9
